category,rank,dataset_index,example_id,question,gold_answer,gold_program,A_program,A_correct,B_program,B_correct,C_reasoning_program,C_independent_program,C_final_program,C_correct,D_reasoning_program,D_independent_program,D_verifier_final_program,D_coordinator_decision,D_final_program,D_correct
A_execution_correct_program_mismatch,1,8,MO/2016/page_19.pdf-1,did altria outperform the s&p 500?,yes,"greater(286.61, 198.09)","subtract(286.61, 100.00), subtract(198.09, 100.00), divide(#0, 100.00), divide(#1, 100.00), greater(#2, #3)",True,"divide(286.61, 198.09)",False,"divide(286.61, 198.09)","divide(286.61, 198.09)","divide(286.61, 198.09)",False,"divide(286.61, 198.09)","divide(286.61, 198.09)","divide(286.61, 198.09)","The question asks whether Altria outperformed the S&P 500, which requires comparing their cumulative total shareholder returns. The evidence shows Altria's return was $286.61 and the S&P 500's was $198.09 as of December 2016. The correct calculation is the ratio of Altria's return to the S&P 500's return. The proposed program divide(286.61, 198.09) correctly computes this ratio, which indicates outperformance (greater than 1). No percentage scaling is needed as the question is about relative performance, not a percentage value.","divide(286.61, 198.09)",False
A_execution_correct_program_mismatch,2,13,JKHY/2019/page_18.pdf-3,was the five year total return of the 2019 peer group greater than the 2018 peer group?,no,"greater(281.09, 286.22)","subtract(281.09, 100.00), subtract(286.22, 100.00), greater(#0, #1)",True,"subtract(281.09, 100.00), divide(#0, 100.00), subtract(286.22, 100.00), divide(#2, 100.00), greater(#1, #3)",True,"subtract(281.09, 100.00), divide(#0, 100.00), subtract(286.22, 100.00), divide(#2, 100.00)",,,False,"subtract(281.09, 286.22)","greater(281.09, 286.22)","greater(281.09, 286.22)","The question asks whether the five-year total return of the 2019 peer group was greater than that of the 2018 peer group. The total return is represented by the final value in 2019 (281.09) compared to the 2018 peer group's final value (286.22). The correct comparison is a direct greater-than check between these two values. The Verification Agent's program correctly captures this comparison, and the Reasoning Agent's program incorrectly computes the difference instead of making the required comparison. The verifier's verdict and proposed program are correct.","greater(281.09, 286.22)",True
A_execution_correct_program_mismatch,3,16,RCL/2012/page_75.pdf-1,"assuming each continent has the same number of destinations , approximately how many destinations does each continent have?",65.0,"divide(455, const_7)","divide(455, 7)",True,"divide(455, 7)",True,"divide(455, 7)","divide(455, 7)","divide(455, 7)",True,"divide(455, 7)","divide(455, 7)","divide(455, 7)","The question asks for the approximate number of destinations per continent, given that there are 455 destinations across 7 continents. Dividing 455 by 7 yields the correct average number of destinations per continent. Both agents propose the same correct program, and the verification is valid. The calculation is mathematically sound and matches the evidence.","divide(455, 7)",True
A_execution_correct_program_mismatch,4,24,AAL/2016/page_8.pdf-4,what is the ratio of the total flight attendants to total maintenance personnel,1.59172,"divide(26900, 16900)","add(24700, 2200), add(14900, 2000), divide(#0, #1)",True,"divide(26900, 16900)",True,"divide(26900, 16900)","divide(26900, 16900)","divide(26900, 16900)",True,"divide(26900, 16900)","divide(26900, 16900)","divide(26900, 16900)","The question asks for the ratio of total flight attendants to total maintenance personnel. The evidence shows 26,900 flight attendants and 16,900 maintenance personnel. The correct calculation is divide(26900, 16900), which directly computes the ratio. Both agents agree, and the values are correctly extracted from the table. No percentage scaling is required as the question asks for a ratio, not a percentage.","divide(26900, 16900)",True
A_execution_correct_program_mismatch,5,38,GS/2017/page_179.pdf-4,"what is the total amount of stock options cancelled in millions during 2017 , 2016 and 2015?",12.1,"add(4.6, 5.5), add(#0, const_2)","add(4.6, 5.5), add(#0, 2.0)",True,"add(4.6, 5.5), add(#0, 2.0)",True,"add(4.6, 5.5), add(#0, 2.0)","add(4.6, 5.5), add(#0, 2.0)","add(4.6, 5.5), add(#0, 2.0)",True,"add(4.6, 5.5), add(#0, 2.0)","add(4.6, 5.5), add(#0, 2.0)","add(4.6, 5.5), add(#0, 2.0)","The evidence states that the firm cancelled 4.6 million, 5.5 million, and 2.0 million stock options in 2017, 2016, and 2015, respectively. The proposed program correctly adds these values: 4.6 + 5.5 = 10.1, then 10.1 + 2.0 = 12.1. The values are directly from the evidence, and the operations are correctly sequenced. No percentage scaling or unit conversion is needed as the question asks for the total in millions.","add(4.6, 5.5), add(#0, 2.0)",True
A_execution_failure,1,110,AMT/2016/page_49.pdf-3,"what is the growth rate in the price of shares from the highest value during the quarter ended december 31 , 2016 and the closing price on february 17 , 2017?",-0.08451,"subtract(108.11, 118.09), divide(#0, 118.09)","table_max(high, none), subtract(108.11, #0), divide(#1, #0)",False,"subtract(118.26, 108.11), divide(#0, 118.26)",False,"subtract(118.26, 108.11), divide(#0, 118.26)","subtract(108.11, 118.26), divide(#0, 118.26)","subtract(108.11, 118.26), divide(#0, 118.26)",False,"subtract(118.26, 108.11), divide(#0, 118.26)","subtract(108.11, 118.26), divide(#0, 118.26)","subtract(108.11, 118.26), divide(#0, 118.26)","The growth rate is calculated as (final value - initial value) / initial value. The highest share price during the quarter ended December 31, 2016, is $118.09 (from the table), not $118.26 (which is the high for September 30, 2016). The closing price on February 17, 2017, is $108.11. Since the final price is lower than the initial price, the growth rate should be negative. The correct calculation is (108.11 - 118.09) / 118.09. The Reasoning Agent used the wrong initial value ($118.26), and the Verification Agent's program uses the same incorrect value. The correct initial value is $118.09.","subtract(108.11, 118.09), divide(#0, 118.09)",True
A_execution_failure,2,114,MRO/2013/page_19.pdf-3,"what was average worldwide net acreage expiring in the total three year period , in millions?",3879.0,"table_sum(worldwide, none)","table_sum(net undeveloped acres expiring 2014, none), table_sum(net undeveloped acres expiring 2015, none), table_sum(net undeveloped acres expiring 2016, none), add(#0, #1), add(#2, #3), divide(#4, const_3)",False,"add(586, 3057), add(#0, 236), divide(#1, const_3)",False,"add(586, 3057), add(#0, 236), divide(#1, const_3)","add(586, 3057), add(#0, 236), divide(#1, const_3)","add(586, 3057), add(#0, 236), divide(#1, const_3)",False,"add(586, 3057), add(#0, 236), divide(#1, const_3)","add(586, 3057), add(#0, 236), divide(#1, const_3), divide(#2, const_1000)","add(586, 3057), add(#0, 236), divide(#1, const_3), divide(#2, const_1000)","The original evidence lists values in thousands, so the final result must be divided by 1000 to convert to millions. The Reasoning Agent's program correctly computes the average but fails to convert units. The Verification Agent's program correctly applies the unit conversion. The verifier's verdict 'disagree' is incorrect because the proposed program is actually correct.","add(586, 3057), add(#0, 236), divide(#1, const_3), divide(#2, const_1000)",False
A_execution_failure,3,159,DG/2010/page_136.pdf-1,what is the maximum depreciation rate that can be used for furniture fixtures and equipment?,33.33333,"divide(const_100, 3)","table_max(furniture fixtures and equipment, none)",False,"divide(const_1, 10)",False,"divide(const_1, 3)","divide(const_1, 3)","divide(const_1, 3)",False,"divide(const_1, 10)","divide(const_1, 3)","divide(const_1, 3)","The question asks for the maximum depreciation rate, which corresponds to the shortest useful life in the table. The table lists 'furniture fixtures and equipment' with a useful life of 3-10 years, so the maximum depreciation rate is based on the minimum useful life of 3 years. The rate is calculated as 1 divided by the useful life in years. Therefore, the correct calculation is divide(const_1, 3). The Verification Agent's program is correct.","divide(const_1, 3)",False
A_execution_failure,4,240,ETR/2017/page_143.pdf-1,"what was the sum of the annual long-term debt maturities outstanding as of december 31 , 2017 , for the next five years",4781374.0,"add(760000, 857679), add(#0, 898500), add(#1, 960764), add(#2, 1304431)","table_sum(amount, none)",False,"table_sum(2018, 2019, 2020, 2021, 2022)",False,"table_sum(2018, 2019, 2020, 2021, 2022)","table_sum(2018, 2019, 2020, 2021, 2022)","table_sum(2018, 2019, 2020, 2021, 2022)",False,"table_sum(2018, 2019, 2020, 2021, 2022)","table_sum(2018, 2019, 2020, 2021, 2022)","table_sum(2018, 2019, 2020, 2021, 2022)","The question asks for the sum of annual long-term debt maturities for the next five years as of December 31, 2017. The evidence table provides the amounts in thousands for 2018 through 2022. The correct operation is to sum these values. Both agents propose the same correct program, and the verifier confirms agreement. The program uses only allowed operations and correctly references the table values.","table_sum(2018, 2019, 2020, 2021, 2022)",False
A_execution_failure,5,364,AAL/2010/page_72.pdf-1,from 2016-2020 what was the ratio of the pension to the retiree medical and other service costs,5.01416,"divide(4959, 989)","table_sum(pension, none), table_sum(retiree medical and other, none), divide(#0, #1)",False,"divide(4959, 989)",True,"divide(4959, 989)","divide(4959, 989)","divide(4959, 989)",True,"divide(4959, 989)","divide(4959, 989)","divide(4959, 989)","The question asks for the ratio of pension costs to retiree medical and other service costs from 2016-2020. The evidence shows total pension costs of $4,959 million and total retiree medical and other costs of $989 million over the same period. The correct calculation is the ratio of these totals, which is divide(4959, 989). Both agents correctly identified this, and the verification is valid.","divide(4959, 989)",True
A_invalid_program,1,106,CME/2010/page_69.pdf-2,what is the estimated percentage of revolving credit facility in relation with the total senior credit facility in millions?,0.67536,"multiply(1.4, const_1000), divide(945.5, #0)","divide(945.5, add(420.5, 945.5)), multiply(#0, const_100)",False,"divide(945.5, 1400.0), multiply(#0, const_100)",False,"divide(945.5, 1400.0), multiply(#0, const_100)","divide(945.5, 1400.0), multiply(#0, const_100)","divide(945.5, 1400.0), multiply(#0, const_100)",False,"add(420.5, 945.5), divide(945.5, #0), multiply(#1, const_100)","add(420.5, 945.5), divide(945.5, #0), multiply(#1, const_100)","add(420.5, 945.5), divide(945.5, #0), multiply(#1, const_100)","The reasoning and verification agents both propose the same program, which correctly calculates the percentage of the revolving credit facility relative to the total senior credit facility. The values 420.5 (term loan) and 945.5 (revolving credit facility) are directly from the evidence. The total is computed as their sum, and the revolving facility is divided by the total. Multiplying by 100 scales the result to a percentage, which matches the question's request for 'estimated percentage'. All operations are valid and sequential.","add(420.5, 945.5), divide(945.5, #0), multiply(#1, const_100)",False
A_invalid_program,2,150,ANET/2015/page_156.pdf-2,what is the current portion of the present value of lease obligations?,0.0314,"divide(1336, 42546)",1336,False,"divide(1336, 42546)",True,1336,1336,1336,False,1336,1336,1336,"The financial evidence explicitly states 'less current portion | -1336 ( 1336 )' under the 'present value of obligation' section, directly indicating that the current portion of the present value of lease obligations is $1,336 thousand. Both agents correctly identify this value, and the evidence confirms it. No calculation is needed as the value is directly provided.",1336,False
A_invalid_program,3,192,PKG/2013/page_88.pdf-2,as of december 2013 what was the value of the equity compensation plans approved by security holders to be issued upon exercise of outstanding options warrants and rights,3739366.45,"multiply(151945, 24.61)",151945,False,151945,False,151945,151945,151945,False,151945,151945,151945,"The question asks for the value of equity compensation plans approved by security holders to be issued upon exercise of outstanding options, warrants, and rights as of December 2013. The financial evidence shows that the number of securities to be issued upon exercise of outstanding options, warrants, and rights under equity compensation plans approved by security holders is explicitly listed as 151,945 in Column A of the table. This value is directly provided in the evidence and matches both the Reasoning Agent's and Verification Agent's programs. No calculation is needed; the value is directly observable.",151945,False
A_invalid_program,4,234,SNA/2012/page_110.pdf-3,"what is the total fair value of the non-vested performance awards at beginning of year , ( in thousands ) ?",658.13,"subtract(707, 48.87)",707,False,"multiply(707, 48.87)",False,"multiply(707, 48.87)","multiply(707, 48.87)","multiply(707, 48.87)",False,"multiply(707, 48.87)","multiply(707, 48.87)","multiply(707, 48.87)","The question asks for the total fair value of non-vested performance awards at the beginning of the year, in thousands. The table shows 707 (in thousands) shares and a fair value price per share of $48.87. Multiplying these gives the total fair value. Both agents agree, and the calculation is correct: 707 thousand shares × $48.87 per share = total fair value in dollars. No percentage scaling or unit conversion is needed, as the result is already in dollars and the question does not ask for a percentage. The values are directly from the evidence.","multiply(707, 48.87)",False
A_invalid_program,5,402,FIS/2006/page_31.pdf-2,what portion of the total leased locations are located in united states?,0.4375,"add(63, 81), divide(63, #0)","add(57, 26, 22, 19, 9, 8, 7, 63), add(#0, 81), divide(81, #1)",False,"add(57, 26), add(#0, 22), add(#1, 19), add(#2, 9), add(#3, 8), add(#4, 7), add(#5, 63), add(#6, 81), divide(#6, #7)",False,"add(57, 26), add(#0, 22), add(#1, 19), add(#2, 9), add(#3, 8), add(#4, 7), add(#5, 63), add(#6, 81), divide(#5, #7)","add(57, 26), add(#0, 22), add(#1, 19), add(#2, 9), add(#3, 8), add(#4, 7), add(#5, 63), add(#6, 81), divide(#5, #7)","add(57, 26), add(#0, 22), add(#1, 19), add(#2, 9), add(#3, 8), add(#4, 7), add(#5, 63), add(#6, 81), divide(#5, #7)",False,"add(57, 26), add(#0, 22), add(#1, 19), add(#2, 9), add(#3, 8), add(#4, 7), add(#5, 63), add(#6, 81), divide(#6, #7)","add(57, 26), add(#0, 22), add(#1, 19), add(#2, 9), add(#3, 8), add(#4, 7), add(#5, 63), add(#6, 81), divide(#5, #7)","add(57, 26), add(#0, 22), add(#1, 19), add(#2, 9), add(#3, 8), add(#4, 7), add(#5, 63), add(#6, 81), divide(#5, #7)","The Verification Agent's program is correct. The question asks for the portion of leased locations in the United States, so the numerator must be the total U.S. locations (sum of all listed states), which is #5 (63 from 'other' plus the sum of the state values). The denominator is the total locations, including U.S. and international (81). The Reasoning Agent incorrectly uses #6 (the sum of U.S. locations) as the numerator, which would give the portion of U.S. locations within U.S. locations, which is invalid. The Verification Agent correctly uses #5 (total U.S. locations) as the numerator and #7 (total locations) as the denominator.","add(57, 26), add(#0, 22), add(#1, 19), add(#2, 9), add(#3, 8), add(#4, 7), add(#5, 63), add(#6, 81), divide(#5, #7)",False
A_only_correct,1,8,MO/2016/page_19.pdf-1,did altria outperform the s&p 500?,yes,"greater(286.61, 198.09)","subtract(286.61, 100.00), subtract(198.09, 100.00), divide(#0, 100.00), divide(#1, 100.00), greater(#2, #3)",True,"divide(286.61, 198.09)",False,"divide(286.61, 198.09)","divide(286.61, 198.09)","divide(286.61, 198.09)",False,"divide(286.61, 198.09)","divide(286.61, 198.09)","divide(286.61, 198.09)","The question asks whether Altria outperformed the S&P 500, which requires comparing their cumulative total shareholder returns. The evidence shows Altria's return was $286.61 and the S&P 500's was $198.09 as of December 2016. The correct calculation is the ratio of Altria's return to the S&P 500's return. The proposed program divide(286.61, 198.09) correctly computes this ratio, which indicates outperformance (greater than 1). No percentage scaling is needed as the question is about relative performance, not a percentage value.","divide(286.61, 198.09)",False
A_only_correct,2,32,AAPL/2006/page_100.pdf-3,"what was the greatest provision for income taxes , in millions?",829.0,"table_max(provision for income taxes, none)","table_max(provision for income taxes, none)",True,"table_max(829, 480, 104)",False,table_max(provision for income taxes),table_max(provision for income taxes),table_max(provision for income taxes),False,table_max(provision for income taxes),table_max(provision for income taxes),table_max(provision for income taxes),"The question asks for the greatest provision for income taxes in millions. The evidence table shows the 'provision for income taxes' values for 2006, 2005, and 2004 as $829, $480, and $104 million respectively. The maximum value is $829 million, which corresponds to 2006. The table_max operation correctly identifies this value. Both agents agree, and the operation is valid and correctly applied.",table_max(provision for income taxes),False
A_only_correct,3,61,HIG/2004/page_140.pdf-1,in the adoption of the prospective method what was the ratio of the other comprehensive income to the net income reclassifying certain separate accounts to general account,9.8,"divide(294, 30)","divide(294, 30)",True,"divide(30, 294)",False,"divide(30, 294)","divide(30, 294)","divide(30, 294)",False,"divide(30, 294)","divide(30, 294)","divide(30, 294)","The question asks for the ratio of other comprehensive income to net income for the reclassification of certain separate accounts to general account. The evidence shows net income of 30 and other comprehensive income of 294 for this specific component. The ratio is correctly calculated as 30 divided by 294. No percentage scaling is required as the question asks for a ratio, not a percentage.","divide(30, 294)",False
A_only_correct,4,82,AMT/2012/page_50.pdf-3,what was the ratio of the purchase in december 2012 to the purchase in january 2013,6.48512,"divide(102400, 15790)","divide(102400, 15790)",True,"divide(46.0, 1.2)",False,"divide(46.0, 1.2)","divide(46.0, 1.2)","divide(46.0, 1.2)",False,"divide(46.0, 1.2)","divide(46.0, 1.2)","divide(46.0, 1.2)","The question asks for the ratio of the purchase in December 2012 to the purchase in January 2013. The evidence shows the December 2012 purchase was $46.0 million. The January 2013 purchase is reported as $1.2 million for 15,790 shares, which is consistent with the context. The calculation divide(46.0, 1.2) correctly computes this ratio. Both agents agree, and the values are correctly extracted from the evidence. No percentage scaling or unit conversion is needed as the question asks for a ratio, not a percentage.","divide(46.0, 1.2)",False
A_only_correct,5,148,CME/2017/page_40.pdf-5,did the cme group inc . outperform the s&p 500 over 5 years?,yes,"greater(370.32, 323.23)","subtract(370.32, 164.01), subtract(208.14, 132.39), divide(#0, 164.01), divide(#1, 132.39), greater(#2, #3)",True,"divide(370.32, 164.01), divide(208.14, 132.39)",False,"divide(370.32, 208.14)","divide(370.32, 208.14)","divide(370.32, 208.14)",False,"divide(370.32, 208.14)","divide(370.32, 208.14)","divide(370.32, 208.14)","The question asks whether CME Group outperformed the S&P 500 over 5 years, which requires comparing the final values of $370.32 (CME) and $208.14 (S&P 500) starting from a $100 investment. The ratio of final values directly indicates relative performance. Since the result is greater than 1, CME outperformed. The program divide(370.32, 208.14) correctly computes this ratio.","divide(370.32, 208.14)",False
B_execution_correct_program_mismatch,1,13,JKHY/2019/page_18.pdf-3,was the five year total return of the 2019 peer group greater than the 2018 peer group?,no,"greater(281.09, 286.22)","subtract(281.09, 100.00), subtract(286.22, 100.00), greater(#0, #1)",True,"subtract(281.09, 100.00), divide(#0, 100.00), subtract(286.22, 100.00), divide(#2, 100.00), greater(#1, #3)",True,"subtract(281.09, 100.00), divide(#0, 100.00), subtract(286.22, 100.00), divide(#2, 100.00)",,,False,"subtract(281.09, 286.22)","greater(281.09, 286.22)","greater(281.09, 286.22)","The question asks whether the five-year total return of the 2019 peer group was greater than that of the 2018 peer group. The total return is represented by the final value in 2019 (281.09) compared to the 2018 peer group's final value (286.22). The correct comparison is a direct greater-than check between these two values. The Verification Agent's program correctly captures this comparison, and the Reasoning Agent's program incorrectly computes the difference instead of making the required comparison. The verifier's verdict and proposed program are correct.","greater(281.09, 286.22)",True
B_execution_correct_program_mismatch,2,15,MRO/2011/page_108.pdf-1,"what was the average net annual change in discounted future net cash flows ( in millions ) for the years 2011 , 2010 , and 2009?",3297.66667,"table_average(net change for the year, none)","table_average(net change for the year, none)",True,"add(1620, 3625), add(#0, 4648), divide(#1, const_3)",True,"add(4648, 3625), add(#0, 1620), divide(#1, const_3)","add(4648, 3625), add(#0, 1620), divide(#1, const_3)","add(4648, 3625), add(#0, 1620), divide(#1, const_3)",True,"add(4648, 3625), add(#0, 1620), divide(#1, const_3)","add(4648, 3625), add(#0, 1620), divide(#1, const_3)","add(4648, 3625), add(#0, 1620), divide(#1, const_3)","The Reasoning Agent and Verification Agent both propose the same program, which correctly sums the net changes for 2011, 2010, and 2009 (4648 + 3625 + 1620 = 9893) and divides by 3 to compute the average. The values are directly from the 'net change for the year' row in the table, and the question asks for the average of these three annual changes. No percentage scaling is needed as the result should be a decimal value in millions. The program uses valid operations and correct sequential referencing.","add(4648, 3625), add(#0, 1620), divide(#1, const_3)",True
B_execution_correct_program_mismatch,3,16,RCL/2012/page_75.pdf-1,"assuming each continent has the same number of destinations , approximately how many destinations does each continent have?",65.0,"divide(455, const_7)","divide(455, 7)",True,"divide(455, 7)",True,"divide(455, 7)","divide(455, 7)","divide(455, 7)",True,"divide(455, 7)","divide(455, 7)","divide(455, 7)","The question asks for the approximate number of destinations per continent, given that there are 455 destinations across 7 continents. Dividing 455 by 7 yields the correct average number of destinations per continent. Both agents propose the same correct program, and the verification is valid. The calculation is mathematically sound and matches the evidence.","divide(455, 7)",True
B_execution_correct_program_mismatch,4,38,GS/2017/page_179.pdf-4,"what is the total amount of stock options cancelled in millions during 2017 , 2016 and 2015?",12.1,"add(4.6, 5.5), add(#0, const_2)","add(4.6, 5.5), add(#0, 2.0)",True,"add(4.6, 5.5), add(#0, 2.0)",True,"add(4.6, 5.5), add(#0, 2.0)","add(4.6, 5.5), add(#0, 2.0)","add(4.6, 5.5), add(#0, 2.0)",True,"add(4.6, 5.5), add(#0, 2.0)","add(4.6, 5.5), add(#0, 2.0)","add(4.6, 5.5), add(#0, 2.0)","The evidence states that the firm cancelled 4.6 million, 5.5 million, and 2.0 million stock options in 2017, 2016, and 2015, respectively. The proposed program correctly adds these values: 4.6 + 5.5 = 10.1, then 10.1 + 2.0 = 12.1. The values are directly from the evidence, and the operations are correctly sequenced. No percentage scaling or unit conversion is needed as the question asks for the total in millions.","add(4.6, 5.5), add(#0, 2.0)",True
B_execution_correct_program_mismatch,5,53,ILMN/2008/page_82.pdf-1,during 2008 what was the share price of the warrants exercised\\n,1e-05,"divide(const_3, 401362)","divide(3.0, 401362)",True,"divide(3.0, 401362)",True,"divide(3.0, 401362)","divide(3.0, 401362)","divide(3.0, 401362)",True,"divide(3.0, 401362)","divide(3.0, 401362)","divide(3.0, 401362)","The question asks for the share price of warrants exercised in 2008. The evidence states that 401,362 warrants were exercised, resulting in cash proceeds of $3.0 million. The share price is calculated by dividing total cash proceeds by the number of warrants exercised. The calculation divide(3.0, 401362) correctly computes the average price per warrant in millions of dollars, which is the appropriate unit. No percentage scaling or unit conversion is needed. The reasoning and verification programs are correct.","divide(3.0, 401362)",True
B_invalid_program,1,32,AAPL/2006/page_100.pdf-3,"what was the greatest provision for income taxes , in millions?",829.0,"table_max(provision for income taxes, none)","table_max(provision for income taxes, none)",True,"table_max(829, 480, 104)",False,table_max(provision for income taxes),table_max(provision for income taxes),table_max(provision for income taxes),False,table_max(provision for income taxes),table_max(provision for income taxes),table_max(provision for income taxes),"The question asks for the greatest provision for income taxes in millions. The evidence table shows the 'provision for income taxes' values for 2006, 2005, and 2004 as $829, $480, and $104 million respectively. The maximum value is $829 million, which corresponds to 2006. The table_max operation correctly identifies this value. Both agents agree, and the operation is valid and correctly applied.",table_max(provision for income taxes),False
B_invalid_program,2,105,EOG/2018/page_75.pdf-1,"considering the years 2016-2018 , what is the average ending balance for valuation allowances for deferred income tax assets?",338928.0,"table_average(ending balance, none)","table_average(ending balance, none)",True,"table_average(167142, 466421, 383221)",False,"add(383221, 466421), add(#0, 167142), divide(#1, const_3)","add(383221, 466421), add(#0, 167142), divide(#1, const_3)","add(383221, 466421), add(#0, 167142), divide(#1, const_3)",True,"add(383221, 466421), add(#0, 167142), divide(#1, const_3)","add(383221, 466421), add(#0, 167142), divide(#1, const_3)","add(383221, 466421), add(#0, 167142), divide(#1, const_3)","The reasoning and verification agents both propose the same program, which correctly identifies the ending balances for 2016 ($383,221), 2017 ($466,421), and 2018 ($167,142) from the table. The program sums these three values and divides by 3 to compute the average. The values are correctly extracted from the 'ending balance' row for the years 2016-2018. The operations are sequential and use valid FinQA syntax. The division by const_3 is appropriate for computing the average. No percentage scaling is needed as the question asks for the average ending balance, not a percentage. The program is correct.","add(383221, 466421), add(#0, 167142), divide(#1, const_3)",True
B_invalid_program,3,108,UNP/2007/page_25.pdf-1,what was the operating expenses in 2006 in millions,2688.88889,"divide(242, 9%)","subtract(3277, 2426), subtract(#0, 364)",False,2880,False,2880,2880,2880,False,2880,,,"The question asks for the operating expenses in 2006 in millions. The financial evidence shows that 'cash provided by operating activities' for 2006 is $2880 million. This is the correct value directly from the table. No calculation is needed as the question asks for a direct value, not a derived metric like growth rate or percentage change.",2880,False
B_invalid_program,4,160,MKTX/2004/page_99.pdf-1,"as of december 31 , 2004 , how many shares of common stock were outstanding?",120000000.0,"add(110000000, 10000000)","subtract(2014, 177973), multiply(#0, const_1000)",False,1939734,False,"add(1939734, 1937141)",1939734,1939734,False,"add(1939734, 1937141)",1939734,1939734,"The Reasoning Agent incorrectly adds the 2004 and 2003 common stock shares, which is not valid. The question asks for the number of shares outstanding as of December 31, 2004. The evidence directly states that as of December 31, 2004, the company had 1,939,734 shares of common stock issued to employees. The table entry 'as of december 31 , 2004' under the '2005' row is labeled '2014', which is clearly a typo or formatting error and not a valid number. The correct value is explicitly given in the text: 1,939,734 shares. The Verification Agent correctly identifies this value.",1939734,False
B_invalid_program,5,188,SLG/2011/page_91.pdf-1,what amount did the compensation committee put into the maximum performance pool between jan 1 2006 and dec 31 2007?,72075000.0,"add(22825000, 49250000)","divide(49250000, const_100)",False,49250000,False,"divide(49250000, const_100)",49250000,49250000,False,49250000,49250000,49250000,"The original evidence explicitly states that the maximum performance pool of $49,250,000 was established on June 8, 2006, under the 2005 outperformance plan, and this amount is directly relevant to the question covering the period from January 1, 2006, to December 31, 2007. The value is correctly extracted from the evidence without any calculation needed. Both agents correctly identified this value, and the verifier confirmed it. No arithmetic or scaling is required.",49250000,False
B_lost_A_correct_answer,1,8,MO/2016/page_19.pdf-1,did altria outperform the s&p 500?,yes,"greater(286.61, 198.09)","subtract(286.61, 100.00), subtract(198.09, 100.00), divide(#0, 100.00), divide(#1, 100.00), greater(#2, #3)",True,"divide(286.61, 198.09)",False,"divide(286.61, 198.09)","divide(286.61, 198.09)","divide(286.61, 198.09)",False,"divide(286.61, 198.09)","divide(286.61, 198.09)","divide(286.61, 198.09)","The question asks whether Altria outperformed the S&P 500, which requires comparing their cumulative total shareholder returns. The evidence shows Altria's return was $286.61 and the S&P 500's was $198.09 as of December 2016. The correct calculation is the ratio of Altria's return to the S&P 500's return. The proposed program divide(286.61, 198.09) correctly computes this ratio, which indicates outperformance (greater than 1). No percentage scaling is needed as the question is about relative performance, not a percentage value.","divide(286.61, 198.09)",False
B_lost_A_correct_answer,2,9,CMCSA/2015/page_112.pdf-2,what was the change in unrecognized tax benefits from the end of 2014 to the end of 2015?,-35.0,"subtract(1136, 1171)","subtract(1136, 1171)",True,"subtract(1171, 1136)",False,"subtract(1171, 1136)","subtract(1136, 1171)","subtract(1136, 1171)",True,"subtract(1136, 1171)","subtract(1136, 1171)","subtract(1136, 1171)","The change in unrecognized tax benefits from the end of 2014 to the end of 2015 is correctly calculated as the difference between the December 31, 2015 balance and the December 31, 2014 balance. The values $1,136 million (2015) and $1,171 million (2014) are directly from the table. The subtraction direction is correct: later year minus earlier year. No percentage scaling or unit conversion is needed; the question asks for the change, not a rate. Both agents agree and the calculation is valid.","subtract(1136, 1171)",True
B_lost_A_correct_answer,3,32,AAPL/2006/page_100.pdf-3,"what was the greatest provision for income taxes , in millions?",829.0,"table_max(provision for income taxes, none)","table_max(provision for income taxes, none)",True,"table_max(829, 480, 104)",False,table_max(provision for income taxes),table_max(provision for income taxes),table_max(provision for income taxes),False,table_max(provision for income taxes),table_max(provision for income taxes),table_max(provision for income taxes),"The question asks for the greatest provision for income taxes in millions. The evidence table shows the 'provision for income taxes' values for 2006, 2005, and 2004 as $829, $480, and $104 million respectively. The maximum value is $829 million, which corresponds to 2006. The table_max operation correctly identifies this value. Both agents agree, and the operation is valid and correctly applied.",table_max(provision for income taxes),False
B_lost_A_correct_answer,4,39,MKTX/2004/page_99.pdf-3,"in 2004 and 2003 , what were the total shares of common stock that were issued to employees?",3876875.0,"add(1939734, 1937141)","add(1939734, 1937141)",True,"subtract(1939734, 1937141)",False,"subtract(1939734, 1937141)","add(1939734, 1937141)","add(1939734, 1937141)",True,"subtract(1939734, 1937141)","add(1939734, 1937141)","add(1939734, 1937141)","The question asks for the total shares issued to employees in 2004 and 2003, which requires summing the shares from both years. The Reasoning Agent incorrectly used subtraction, which would give the change, not the total. The Verification Agent correctly used addition to sum the two values. The values 1939734 and 1937141 are explicitly stated in the evidence for 2004 and 2003 respectively. The final program correctly computes the total shares issued over the two years.","add(1939734, 1937141)",True
B_lost_A_correct_answer,5,40,ETR/2013/page_21.pdf-3,what is the net change in net revenue for entergy wholesale commodities during 2012?,-191.0,"subtract(1854, 2045)","subtract(1854, 2045)",True,"subtract(2045, 1854)",False,"subtract(2045, 1854)","subtract(1854, 2045)","subtract(1854, 2045)",True,"subtract(2045, 1854)","subtract(1854, 2045)","subtract(1854, 2045)","The net change in net revenue is calculated as 2012 value minus 2011 value. The Reasoning Agent correctly computes the change as subtract(2045, 1854), which gives the positive difference of 191 million. The Verification Agent incorrectly reverses the subtraction direction, resulting in a negative value. The original evidence confirms a decrease of $191 million, so the correct calculation is 2011 minus 2012, not the reverse.","subtract(2045, 1854)",False
B_only_correct,1,150,ANET/2015/page_156.pdf-2,what is the current portion of the present value of lease obligations?,0.0314,"divide(1336, 42546)",1336,False,"divide(1336, 42546)",True,1336,1336,1336,False,1336,1336,1336,"The financial evidence explicitly states 'less current portion | -1336 ( 1336 )' under the 'present value of obligation' section, directly indicating that the current portion of the present value of lease obligations is $1,336 thousand. Both agents correctly identify this value, and the evidence confirms it. No calculation is needed as the value is directly provided.",1336,False
B_only_correct,2,428,AMT/2008/page_94.pdf-2,"what will be the balance of aggregate carrying value of long-term debt as of december 31 , 2009?",4331309.0,"subtract(4333146, 1837)","add(1837, 60989), add(#0, 1018), add(#1, 1962822), add(#2, 646), add(#3, 2305054), add(#4, 780), add(#5, 4333146)",False,"subtract(4333146, 1837)",True,1837,1837,1837,False,1837,1837,1837,"The question asks for the balance of aggregate carrying value of long-term debt as of December 31, 2009. The financial evidence shows a table entry for '2009' under 'aggregate carrying value of long-term debt' with the value $1837 (in thousands). This matches both the Reasoning Agent's candidate and the Verification Agent's program. The value is directly present in the evidence and correctly extracted. No calculation is needed.",1837,False
B_only_correct,3,458,ETR/2013/page_21.pdf-4,what is the nuclear volume as a percentage of the decrease in net revenue from 2011 to 2012?,0.17277,"subtract(2045, 1854), divide(33, #0)","subtract(2045, 1854), add(194, 33), divide(#0, #1), multiply(#2, const_100)",False,"divide(33, 191)",True,"divide(33, 191), multiply(#0, const_100)","divide(33, 191), multiply(#0, const_100)","divide(33, 191), multiply(#0, const_100)",False,"divide(33, 191), multiply(#0, const_100)","subtract(2045, 1854), divide(33, #0), multiply(#1, const_100)","subtract(2045, 1854), divide(33, #0), multiply(#1, const_100)","The decrease in net revenue from 2011 to 2012 is correctly calculated as subtract(2045, 1854). The nuclear volume of 33 is the absolute decrease in volume, and dividing this by the total decrease in net revenue (191) gives the proportion. Multiplying by 100 scales it to a percentage, which matches the question's request for a percentage. The Verification Agent's program is correct.","subtract(2045, 1854), divide(33, #0), multiply(#1, const_100)",False
B_only_correct,4,471,MO/2014/page_39.pdf-1,what is the higher pricing as a percentage of the operating companies income increase?,0.9284,"divide(765, 824)","divide(765, 824), multiply(#0, const_100)",False,"divide(765, 824)",True,"divide(765, 824), multiply(#0, const_100)","divide(765, 824), multiply(#0, const_100)","divide(765, 824), multiply(#0, const_100)",False,"divide(765, 824)","divide(765, 824), multiply(#0, const_100)","divide(765, 824), multiply(#0, const_100)","The question asks for the higher pricing as a percentage of the operating companies income increase. The evidence states that the operating companies income increased by $824 million, with $765 million attributed to higher pricing. The correct calculation is the ratio of higher pricing to the income increase, expressed as a percentage. The Verification Agent's program correctly computes this ratio and scales it by 100 to produce a percentage. The Reasoning Agent's program omits the multiplication by 100, resulting in a decimal rather than a percentage. The final program must include the percentage scaling.","divide(765, 824), multiply(#0, const_100)",False
B_only_correct,5,971,JPM/2015/page_137.pdf-2,interest rate derivatives made up how much of the net total derivatives for 2015?,0.44176,"divide(26363, 59677)","divide(26363, 59677), multiply(#0, const_100)",False,"divide(26363, 59677)",True,"divide(26363, 59677)","divide(26363, 59677), multiply(#0, const_100)","divide(26363, 59677), multiply(#0, const_100)",False,"divide(26363, 59677)","divide(26363, 59677), multiply(#0, const_100)","divide(26363, 59677), multiply(#0, const_100)","The question asks for the percentage share of interest rate derivatives in the net total derivatives, so the result must be scaled by 100 to represent a percentage. The Reasoning Agent's program is correct in using the ratio of interest rate derivatives ($26,363M) to total net of cash collateral ($59,677M), but it omits the multiplication by 100. The Verification Agent's program correctly applies the percentage scaling. The Verifier's verdict 'disagree' is incorrect because the proposed program is actually correct. The final program must include the percentage scaling.","divide(26363, 59677), multiply(#0, const_100)",False
B_rescued_A_error,1,3,FIS/2010/page_70.pdf-2,what portion of total purchase price is related to stock awards?,0.02899,"divide(121.4, 4187.8)","divide(121.4, 4187.8), multiply(#0, const_100)",False,"divide(121.4, 4187.8)",True,"divide(121.4, 4187.8)","divide(121.4, 4187.8)","divide(121.4, 4187.8)",True,"divide(121.4, 4187.8)","divide(121.4, 4187.8)","divide(121.4, 4187.8)","The question asks for the portion of the total purchase price related to stock awards, which is correctly calculated as the ratio of stock awards value to total purchase price. Both agents compute this correctly as divide(121.4, 4187.8). The result is a decimal ratio, not a percentage, so no multiplication by 100 is needed. The values are correctly extracted from the evidence.","divide(121.4, 4187.8)",True
B_rescued_A_error,2,55,HOLX/2007/page_126.pdf-2,what portion of the estimated purchase price is derived by the net tangible assets?,0.03825,"divide(2800, 73200)","divide(2800, 73200), multiply(#0, const_100)",False,"divide(2800, 73200)",True,"divide(2800, 73200)","divide(2800, 73200)","divide(2800, 73200)",True,"divide(2800, 73200)","divide(2800, 73200)","divide(2800, 73200)","The question asks for the portion of the estimated purchase price derived from net tangible assets, which requires dividing net tangible assets by the total estimated purchase price. Both agents correctly compute this ratio using the values from the evidence: $2,800 for net tangible assets and $73,200 for the estimated purchase price. The calculation is mathematically correct and matches the question's intent. No percentage scaling is needed as the result should be a decimal ratio representing the portion.","divide(2800, 73200)",True
B_rescued_A_error,3,81,MRO/2007/page_136.pdf-2,"as of december 31 , 2007 , how much unrecognized compensation cost related to restricted stock awards is expected to be recognized in 1 year , in millions?",26.42857,"divide(37, 1.4)","divide(37, 1.4), multiply(#0, const_100)",False,"divide(37, 1.4)",True,"divide(37, 1.4)","divide(37, 1.4)","divide(37, 1.4)",True,"divide(37, 1.4)","divide(37, 1.4)","divide(37, 1.4)","The question asks for the unrecognized compensation cost expected to be recognized in 1 year, which is a rate (cost per year). The evidence states that $37 million is expected to be recognized over a weighted average period of 1.4 years. Dividing total cost by the time period gives the annual rate. Both agents correctly compute divide(37, 1.4), and the verifier agrees. The result is a decimal ratio representing the annual cost, which matches the question's requirement.","divide(37, 1.4)",True
B_rescued_A_error,4,86,UPS/2012/page_32.pdf-4,what is the roi of an investment in ups from 2008 to 2009?,0.07756,"subtract(86.42, 80.20), divide(#0, 80.20)","subtract(86.42, 80.20), divide(#0, 80.20), multiply(#1, const_100)",False,"subtract(86.42, 80.20), divide(#0, 80.20)",True,"subtract(86.42, 80.20), divide(#0, 80.20)","subtract(86.42, 80.20), divide(#0, 80.20)","subtract(86.42, 80.20), divide(#0, 80.20)",True,"subtract(86.42, 80.20), divide(#0, 80.20)","subtract(86.42, 80.20), divide(#0, 80.20)","subtract(86.42, 80.20), divide(#0, 80.20)","The calculation correctly computes the ROI as the percentage change from 2008 to 2009. The numerator is the difference between the 2009 and 2008 stock prices, and the denominator is the 2008 price. The result is a decimal ratio representing the rate of return, which is appropriate for ROI. Both agents agree, and the values are correctly extracted from the table.","subtract(86.42, 80.20), divide(#0, 80.20)",True
B_rescued_A_error,5,87,AON/2015/page_96.pdf-3,what is the average share price for the shares issued to employees in 2015 in u.k.?,719.68334,"multiply(2, const_1000000), divide(#0, 2779)","divide(2, 2779)",False,"divide(2000000, 2779)",True,"divide(2000000, 2779)","divide(2000000, 2779)","divide(2000000, 2779)",True,"divide(2000000, 2779)","divide(2000000, 2779)","divide(2000000, 2779)","The reasoning and verification agents both propose dividing 2,000,000 by 2,779, which corresponds to the compensation expense ($2 million) divided by the number of shares issued (2,779). This correctly computes the average share price. The values are present in the evidence: $2 million in compensation expense for 2015 and 2,779 shares issued to U.K. employees. The calculation is correct as a ratio (not scaled to percentage), and the units are consistent (U.K. shares, dollars).","divide(2000000, 2779)",True
C_execution_correct_program_mismatch,1,15,MRO/2011/page_108.pdf-1,"what was the average net annual change in discounted future net cash flows ( in millions ) for the years 2011 , 2010 , and 2009?",3297.66667,"table_average(net change for the year, none)","table_average(net change for the year, none)",True,"add(1620, 3625), add(#0, 4648), divide(#1, const_3)",True,"add(4648, 3625), add(#0, 1620), divide(#1, const_3)","add(4648, 3625), add(#0, 1620), divide(#1, const_3)","add(4648, 3625), add(#0, 1620), divide(#1, const_3)",True,"add(4648, 3625), add(#0, 1620), divide(#1, const_3)","add(4648, 3625), add(#0, 1620), divide(#1, const_3)","add(4648, 3625), add(#0, 1620), divide(#1, const_3)","The Reasoning Agent and Verification Agent both propose the same program, which correctly sums the net changes for 2011, 2010, and 2009 (4648 + 3625 + 1620 = 9893) and divides by 3 to compute the average. The values are directly from the 'net change for the year' row in the table, and the question asks for the average of these three annual changes. No percentage scaling is needed as the result should be a decimal value in millions. The program uses valid operations and correct sequential referencing.","add(4648, 3625), add(#0, 1620), divide(#1, const_3)",True
C_execution_correct_program_mismatch,2,16,RCL/2012/page_75.pdf-1,"assuming each continent has the same number of destinations , approximately how many destinations does each continent have?",65.0,"divide(455, const_7)","divide(455, 7)",True,"divide(455, 7)",True,"divide(455, 7)","divide(455, 7)","divide(455, 7)",True,"divide(455, 7)","divide(455, 7)","divide(455, 7)","The question asks for the approximate number of destinations per continent, given that there are 455 destinations across 7 continents. Dividing 455 by 7 yields the correct average number of destinations per continent. Both agents propose the same correct program, and the verification is valid. The calculation is mathematically sound and matches the evidence.","divide(455, 7)",True
C_execution_correct_program_mismatch,3,38,GS/2017/page_179.pdf-4,"what is the total amount of stock options cancelled in millions during 2017 , 2016 and 2015?",12.1,"add(4.6, 5.5), add(#0, const_2)","add(4.6, 5.5), add(#0, 2.0)",True,"add(4.6, 5.5), add(#0, 2.0)",True,"add(4.6, 5.5), add(#0, 2.0)","add(4.6, 5.5), add(#0, 2.0)","add(4.6, 5.5), add(#0, 2.0)",True,"add(4.6, 5.5), add(#0, 2.0)","add(4.6, 5.5), add(#0, 2.0)","add(4.6, 5.5), add(#0, 2.0)","The evidence states that the firm cancelled 4.6 million, 5.5 million, and 2.0 million stock options in 2017, 2016, and 2015, respectively. The proposed program correctly adds these values: 4.6 + 5.5 = 10.1, then 10.1 + 2.0 = 12.1. The values are directly from the evidence, and the operations are correctly sequenced. No percentage scaling or unit conversion is needed as the question asks for the total in millions.","add(4.6, 5.5), add(#0, 2.0)",True
C_execution_correct_program_mismatch,4,53,ILMN/2008/page_82.pdf-1,during 2008 what was the share price of the warrants exercised\\n,1e-05,"divide(const_3, 401362)","divide(3.0, 401362)",True,"divide(3.0, 401362)",True,"divide(3.0, 401362)","divide(3.0, 401362)","divide(3.0, 401362)",True,"divide(3.0, 401362)","divide(3.0, 401362)","divide(3.0, 401362)","The question asks for the share price of warrants exercised in 2008. The evidence states that 401,362 warrants were exercised, resulting in cash proceeds of $3.0 million. The share price is calculated by dividing total cash proceeds by the number of warrants exercised. The calculation divide(3.0, 401362) correctly computes the average price per warrant in millions of dollars, which is the appropriate unit. No percentage scaling or unit conversion is needed. The reasoning and verification programs are correct.","divide(3.0, 401362)",True
C_execution_correct_program_mismatch,5,63,AON/2007/page_175.pdf-2,what is the net change in aon 2019s unpaid restructuring liabilities during 2006?,18.0,"add(155, -141), add(#0, 4)","subtract(134, 116)",True,"subtract(134, 116)",True,"subtract(134, 116)","subtract(134, 116)","subtract(134, 116)",True,"subtract(134, 116)","subtract(134, 116)","subtract(134, 116)","The net change in unpaid restructuring liabilities from 2005 to 2006 is the difference between the balance at December 31, 2006 ($134 million) and the balance at December 31, 2005 ($116 million). The calculation subtract(134, 116) correctly computes this change. Both agents agree on the correct values and operation. The result represents a net increase of $18 million, which is consistent with the financial evidence.","subtract(134, 116)",True
C_invalid_program,1,13,JKHY/2019/page_18.pdf-3,was the five year total return of the 2019 peer group greater than the 2018 peer group?,no,"greater(281.09, 286.22)","subtract(281.09, 100.00), subtract(286.22, 100.00), greater(#0, #1)",True,"subtract(281.09, 100.00), divide(#0, 100.00), subtract(286.22, 100.00), divide(#2, 100.00), greater(#1, #3)",True,"subtract(281.09, 100.00), divide(#0, 100.00), subtract(286.22, 100.00), divide(#2, 100.00)",,,False,"subtract(281.09, 286.22)","greater(281.09, 286.22)","greater(281.09, 286.22)","The question asks whether the five-year total return of the 2019 peer group was greater than that of the 2018 peer group. The total return is represented by the final value in 2019 (281.09) compared to the 2018 peer group's final value (286.22). The correct comparison is a direct greater-than check between these two values. The Verification Agent's program correctly captures this comparison, and the Reasoning Agent's program incorrectly computes the difference instead of making the required comparison. The verifier's verdict and proposed program are correct.","greater(281.09, 286.22)",True
C_invalid_program,2,20,PNC/2012/page_68.pdf-2,what was the percentage change in the commercial mortgage loans designated for sale at fair value from 2008 to 2009,-0.08422,"subtract(772, 843), divide(#0, 843)","subtract(772, 843), divide(#0, 843), multiply(#1, const_100)",False,"subtract(843, 772), divide(#0, 843), multiply(#1, const_100)",False,"subtract(843, 772), divide(#0, 843), multiply(#1, const_100)",null,null,False,"subtract(843, 772), divide(#0, 843), multiply(#1, const_100)",null,null,"The Reasoning Agent's program is correct. The percentage change from 2008 to 2009 is calculated as (value in 2009 - value in 2008) / value in 2008. The evidence shows commercial mortgage loans at fair value were $843 million in 2011 and $772 million in 2012. However, the question asks for the change from 2008 to 2009, but the evidence only provides data for 2011 and 2012. The Reasoning Agent incorrectly uses 2011 and 2012 values as 2008 and 2009. The correct values for 2008 and 2009 are not present in the evidence. Therefore, the question cannot be answered with the given data. However, since the Reasoning Agent's calculation logic is correct and the only available data is for 2011 and 2012, and the Verifier provides no alternative, the Reasoning Agent's program is the only viable option despite the year mismatch. The Verifier's verdict of 'disagree' is invalid because no alternative program is provided. Thus, the Reasoning Agent's program is selected.","subtract(843, 772), divide(#0, 843), multiply(#1, const_100)",False
C_invalid_program,3,32,AAPL/2006/page_100.pdf-3,"what was the greatest provision for income taxes , in millions?",829.0,"table_max(provision for income taxes, none)","table_max(provision for income taxes, none)",True,"table_max(829, 480, 104)",False,table_max(provision for income taxes),table_max(provision for income taxes),table_max(provision for income taxes),False,table_max(provision for income taxes),table_max(provision for income taxes),table_max(provision for income taxes),"The question asks for the greatest provision for income taxes in millions. The evidence table shows the 'provision for income taxes' values for 2006, 2005, and 2004 as $829, $480, and $104 million respectively. The maximum value is $829 million, which corresponds to 2006. The table_max operation correctly identifies this value. Both agents agree, and the operation is valid and correctly applied.",table_max(provision for income taxes),False
C_invalid_program,4,35,ABMD/2008/page_86.pdf-1,"assuming the same level of settlements as in fiscal 2007 , what would be the ending balance at march 31 2008 in millions for unrecognized tax benefits?\\n",112.0,"subtract(168, 56)","subtract(224, 56)",False,"subtract(224, 168)",False,"subtract(224, 168)","table_sum(""balance at april 1 2007"", ""reductions for tax positions for closing of the applicable statute of limitations"")","table_sum(""balance at april 1 2007"", ""reductions for tax positions for closing of the applicable statute of limitations"")",False,"subtract(224, 168)",168,168,"The question asks for the ending balance at March 31, 2008, which is directly provided in the table as $168 million. The Reasoning Agent's program subtracts 224 - 168, which computes the change, not the ending balance. The Verification Agent correctly identifies the ending balance as 168, and the verdict 'disagree' with the Reasoning Agent is justified. The final program must return the ending balance, not a difference.",168,False
C_invalid_program,5,95,AAPL/2006/page_131.pdf-2,"counting indirect shares , how many shares would arthur d . levinson own in total?",364400.0,"add(362400, 2000)","add(362400, 2000), add(#0, 100000)",False,"add(362400, 100000)",False,"add(362400, 100000)","add(add(362400, 2000), 100000)","add(add(362400, 2000), 100000)",False,"add(362400, 100000)","add(362400, 100000)","add(362400, 100000)","The Reasoning Agent and Verification Agent both correctly identify that Arthur D. Levinson owns 362,400 shares directly and has the right to acquire 100,000 shares via options. The evidence confirms this in note (10): 'includes 2000 shares of common stock that dr. levinson holds indirectly and 100000 shares of common stock that dr. levinson has the right to acquire by exercise of stock options.' The total is the sum of direct shares (362,400) and exercisable options (100,000). No percentage scaling or unit conversion is needed. The program is correct.","add(362400, 100000)",False
C_lost_B_correct_answer,1,13,JKHY/2019/page_18.pdf-3,was the five year total return of the 2019 peer group greater than the 2018 peer group?,no,"greater(281.09, 286.22)","subtract(281.09, 100.00), subtract(286.22, 100.00), greater(#0, #1)",True,"subtract(281.09, 100.00), divide(#0, 100.00), subtract(286.22, 100.00), divide(#2, 100.00), greater(#1, #3)",True,"subtract(281.09, 100.00), divide(#0, 100.00), subtract(286.22, 100.00), divide(#2, 100.00)",,,False,"subtract(281.09, 286.22)","greater(281.09, 286.22)","greater(281.09, 286.22)","The question asks whether the five-year total return of the 2019 peer group was greater than that of the 2018 peer group. The total return is represented by the final value in 2019 (281.09) compared to the 2018 peer group's final value (286.22). The correct comparison is a direct greater-than check between these two values. The Verification Agent's program correctly captures this comparison, and the Reasoning Agent's program incorrectly computes the difference instead of making the required comparison. The verifier's verdict and proposed program are correct.","greater(281.09, 286.22)",True
C_lost_B_correct_answer,2,142,AMT/2014/page_160.pdf-4,was 2014 rent expense greater than 2015 operating lease expense?,yes,"divide(574438, const_1000), greater(655.0, #0)","subtract(655.0, 574.438)",False,"greater(655.0, 574.438)",True,"subtract(655.0, 574.438)","subtract(655.0, 574.438)","subtract(655.0, 574.438)",False,"divide(574.438, 655.0), greater(#0, const_1)","greater(655.0, 574.438)","greater(655.0, 574.438)","The question asks whether 2014 rent expense was greater than 2015 operating lease expense. The evidence states that aggregate rent expense for 2014 was $655.0 million. The 2015 operating lease payment from the table is $574.438 million. The correct comparison is directly between these two values. The Reasoning Agent incorrectly computes a ratio and compares it to 1, which is not the question. The Verification Agent correctly compares the two dollar amounts directly.","greater(655.0, 574.438)",True
C_lost_B_correct_answer,3,150,ANET/2015/page_156.pdf-2,what is the current portion of the present value of lease obligations?,0.0314,"divide(1336, 42546)",1336,False,"divide(1336, 42546)",True,1336,1336,1336,False,1336,1336,1336,"The financial evidence explicitly states 'less current portion | -1336 ( 1336 )' under the 'present value of obligation' section, directly indicating that the current portion of the present value of lease obligations is $1,336 thousand. Both agents correctly identify this value, and the evidence confirms it. No calculation is needed as the value is directly provided.",1336,False
C_lost_B_correct_answer,4,215,ETR/2016/page_374.pdf-2,"what is the growth rate in net revenue in 20016 for entergy mississippi , inc.?",0.01307,"subtract(705.4, 696.3), divide(#0, 696.3)","subtract(705.4, 696.3), divide(#0, 696.3)",True,"subtract(705.4, 696.3), divide(#0, 696.3)",True,"subtract(705.4, 696.3), divide(#0, 696.3), multiply(#1, const_100)","subtract(705.4, 696.3), divide(#0, 696.3), multiply(#1, const_100)","subtract(705.4, 696.3), divide(#0, 696.3), multiply(#1, const_100)",False,"subtract(705.4, 696.3), divide(#0, 696.3)","subtract(705.4, 696.3), divide(#0, 696.3)","subtract(705.4, 696.3), divide(#0, 696.3)","The Reasoning Agent's program is correct. The growth rate in net revenue is calculated as the difference between 2016 and 2015 net revenue divided by the 2015 net revenue. The values 705.4 and 696.3 are correctly extracted from the table, and the arithmetic relationship is accurate. The program correctly computes the growth rate as a decimal ratio, which is appropriate for the question.","subtract(705.4, 696.3), divide(#0, 696.3)",True
C_lost_B_correct_answer,5,342,ETFC/2012/page_43.pdf-1,"what was the change in otti between 2011 and 2012 , in millions?",10.6,"subtract(19.8, 9.2)","subtract(-19.8, -9.2)",False,"subtract(19.8, 9.2)",True,"subtract(19.8, 9.2)","subtract(-19.8, -9.2)","subtract(-19.8, -9.2)",False,"subtract(19.8, 9.2)","subtract(19.8, 9.2)","subtract(19.8, 9.2)","The question asks for the change in OTTI between 2011 and 2012. The OTTI values are $-19.8 million in 2012 and $-9.2 million in 2011. The change is calculated as (2012 value) - (2011 value), which is subtract(19.8, 9.2). The negative signs in the table indicate the magnitude of impairment, but the values are already given as negative in the table. The calculation correctly uses the absolute values from the table as provided, and the subtraction direction is correct for change over time. No percentage scaling or unit conversion is needed. The program is valid and matches the evidence.","subtract(19.8, 9.2)",True
C_only_correct,1,65,ABMD/2005/page_29.pdf-2,did compensation expense related to the company 2019s employee stock purchase plan grow from 2004 to 2005?,yes,"greater(28000, 19000)","subtract(28000, 19000)",False,"divide(28000, 19000)",False,"divide(28000, 19000)","greater(28000, 19000)","greater(28000, 19000)",True,"divide(28000, 19000)","subtract(28000, 19000)","subtract(28000, 19000)","The question asks whether compensation expense grew from 2004 to 2005, which requires checking if the 2005 value is greater than the 2004 value. The correct approach is to compute the difference (2005 - 2004). The Reasoning Agent's program divides 28000 by 19000, which computes a ratio and does not answer the question of growth. The Verification Agent's program correctly computes the difference, which is the appropriate operation to determine if there was growth. The values 28000 (2005) and 19000 (2004) are correctly extracted from the evidence. The subtraction direction is correct: 2005 minus 2004. No percentage scaling is needed as the question is binary (did it grow?), not asking for a percentage rate. The program is sequential and uses only allowed operations.","subtract(28000, 19000)",False
C_only_correct,2,212,ABMD/2007/page_78.pdf-2,"assuming the same appreciation as 2007 , what would be the expected 2008 weighted average grant-date fair value for options?",11.07996,"divide(8.75, 6.91), multiply(#0, 8.75)","subtract(8.75, 6.91), divide(#0, 6.91), multiply(#1, const_100)",False,"subtract(8.75, 6.91), divide(#0, 6.91), multiply(8.75, #1)",False,"subtract(8.75, 6.91), divide(#0, 6.91)","subtract(8.75, 6.91), divide(#0, 6.91), add(const_1, #1), multiply(8.75, #2)","subtract(8.75, 6.91), divide(#0, 6.91), add(const_1, #1), multiply(8.75, #2)",True,"divide(8.75, 6.91), multiply(#0, 8.75)",,,"The reasoning agent's program incorrectly applies the appreciation rate. The question asks for the expected 2008 value assuming the same appreciation as in 2007. The appreciation from 2006 to 2007 is (8.75 - 6.91) / 6.91. Applying this rate to 2007's value gives the expected 2008 value. The reasoning agent's program divides 8.75 by 6.91 and multiplies by 8.75, which is incorrect. The correct approach is to compute the growth rate and apply it to the 2007 value.","subtract(8.75, 6.91), divide(#0, 6.91), multiply(#1, 8.75)",False
C_only_correct,3,374,JPM/2005/page_80.pdf-1,"for the year ended december 31 2005 , what was the midpoint earnings exposure between a 100bp and 200bp change in interest rates ( in us$ m ) ?",218.5,"add(265, 172), divide(#0, const_2)","subtract(172, -162), divide(#0, const_2)",False,"subtract(265, 172)",False,"subtract(265, 172)","add(265, 172), divide(#0, const_2)","add(265, 172), divide(#0, const_2)",True,"add(265, -162), divide(#0, const_2)","add(265, -162), divide(#0, const_2)","add(265, -162), divide(#0, const_2)","The reasoning and verification agents both propose the same program, which correctly calculates the midpoint between the +200bp and -100bp earnings exposures. The values $265 million (for +200bp) and -$162 million (for -100bp) are correctly extracted from the table. Adding them gives $103 million, and dividing by 2 yields the midpoint. The program uses valid operations, correct operands, and sequential structure. The result is a dollar amount in millions, as required.","add(265, -162), divide(#0, const_2)",False
C_only_correct,4,453,DG/2010/page_136.pdf-2,what is the minimum depreciation rate that can be used for furniture fixtures and equipment?,10.0,"divide(const_100, 10)","table_min(furniture fixtures and equipment, none)",False,table_min(furniture fixtures and equipment),False,table_min(furniture fixtures and equipment),"divide(1, 10), multiply(#0, const_100)","divide(1, 10), multiply(#0, const_100)",True,table_min(furniture fixtures and equipment),table_min(furniture fixtures and equipment),table_min(furniture fixtures and equipment),"The question asks for the minimum depreciation rate for furniture, fixtures, and equipment. The evidence shows the useful life range as '3 - 10' years. The minimum depreciation rate corresponds to the longest useful life (10 years), which is correctly identified by table_min on the range '3 - 10'. The program correctly extracts the minimum value from the given range.",table_min(furniture fixtures and equipment),False
C_only_correct,5,866,MS/2013/page_139.pdf-1,did the company have more exposure to the insurance industry than the real estate industry in its derivative portfolio?,yes,"greater(538, 503)","subtract(538, 503)",False,"divide(538, 503)",False,"divide(538, 503)","greater(538, 503)","greater(538, 503)",True,"divide(538, 503)","divide(538, 503)","divide(538, 503)","The question asks whether the company had more exposure to the insurance industry than the real estate industry. The correct comparison is to divide the insurance exposure (538) by the real estate exposure (503) to determine the ratio. Both agents correctly identified this calculation. The result is a ratio indicating relative exposure, which directly answers the question.","divide(538, 503)",False
C_reasoner_and_verifier_both_wrong,1,1,INTC/2015/page_41.pdf-4,what percentage of total facilities as measured in square feet are leased?,0.14464,"divide(8.1, 56.0)","divide(8.1, 56.0), multiply(#0, const_100)",False,"divide(8.1, 56.0), multiply(#0, const_100)",False,"divide(8.1, 56.0), multiply(#0, const_100)","divide(8.1, 56.0), multiply(#0, const_100)","divide(8.1, 56.0), multiply(#0, const_100)",False,"divide(8.1, 56.0), multiply(#0, const_100)","divide(8.1, 56.0), multiply(#0, const_100)","divide(8.1, 56.0), multiply(#0, const_100)","The reasoning and verification agents both correctly calculate the percentage of total facilities that are leased by dividing the leased facilities (8.1 million square feet) by the total facilities (56.0 million square feet) and multiplying by 100 to express the result as a percentage. The values are correctly extracted from the evidence table, and the arithmetic relationship is accurate. The multiplication by const_100 is appropriate because the question asks for a percentage.","divide(8.1, 56.0), multiply(#0, const_100)",False
C_reasoner_and_verifier_both_wrong,2,2,ADI/2011/page_61.pdf-2,what is the percentage change in cash flow hedges in 2011 compare to the 2010?,0.09864,"subtract(153.7, 139.9), divide(#0, 139.9)","subtract(153.7, 139.9), divide(#0, 139.9), multiply(#1, const_100)",False,"subtract(153.7, 139.9), divide(#0, 139.9), multiply(#1, const_100)",False,"divide(153.7, 139.9), multiply(#0, const_100)","subtract(153.7, 139.9), divide(#0, 139.9), multiply(#1, const_100)","subtract(153.7, 139.9), divide(#0, 139.9), multiply(#1, const_100)",False,"divide(153.7, 139.9), multiply(#0, const_100)","subtract(153.7, 139.9), divide(#0, 139.9), multiply(#1, const_100)","subtract(153.7, 139.9), divide(#0, 139.9), multiply(#1, const_100)","The percentage change requires subtracting the base value (2010) from the new value (2011), dividing by the base value, and scaling to a percentage. The Reasoning Agent incorrectly used division first, then multiplied by 100, which is invalid in sequential FinQA format. The Verification Agent's program correctly computes the difference, divides by the 2010 value, and multiplies by 100 for percentage scaling.","subtract(153.7, 139.9), divide(#0, 139.9), multiply(#1, const_100)",False
C_reasoner_and_verifier_both_wrong,3,4,MAS/2017/page_27.pdf-2,what was the difference in percentage cumulative total shareholder return on masco common stock versus the s&p 500 index for the five year period ended 2017?,1.1197,"subtract(318.46, const_100), divide(#0, const_100), subtract(206.49, const_100), divide(#2, const_100), subtract(#1, #3)","subtract(318.46, 206.49), divide(#0, 206.49), multiply(#1, const_100)",False,"subtract(318.46, 206.49)",False,"subtract(318.46, 206.49)","subtract(318.46, 206.49)","subtract(318.46, 206.49)",False,"subtract(318.46, 206.49)","subtract(318.46, 206.49)","subtract(318.46, 206.49)","The question asks for the difference in percentage cumulative total shareholder return, which requires calculating the percentage difference between the two values. The Reasoning Agent and Verification Agent both correctly identify the final values (318.46 for Masco and 206.49 for S&P 500) and compute their difference, but they fail to express the result as a percentage. The correct approach is to compute the percentage difference by dividing the difference by the S&P 500 value and then scaling by 100 to express it as a percentage. The final program must include this percentage scaling.","subtract(318.46, 206.49), divide(#0, 206.49), multiply(#1, const_100)",False
C_reasoner_and_verifier_both_wrong,4,5,SYY/2006/page_71.pdf-1,"what was the percentage change in total rental expense under operating leases from july 2 , 2005 to july 1 , 2006?",0.06757,"subtract(92710000, 86842000), divide(#0, 86842000)","subtract(100690000, 92710000), divide(#0, 92710000), multiply(#1, const_100)",False,"subtract(100690000, 92710000), divide(#0, 92710000), multiply(#1, const_100)",False,"subtract(100690000, 92710000), divide(#0, 92710000), multiply(#1, const_100)","subtract(100690000, 92710000), divide(#0, 92710000), multiply(#1, const_100)","subtract(100690000, 92710000), divide(#0, 92710000), multiply(#1, const_100)",False,"subtract(100690000, 92710000), divide(#0, 92710000), multiply(#1, const_100)","subtract(100690000, 92710000), divide(#0, 92710000), multiply(#1, const_100)","subtract(100690000, 92710000), divide(#0, 92710000), multiply(#1, const_100)","Both agents propose the same correct program: calculate the difference in rental expenses, divide by the 2005 value, and multiply by 100 to express as a percentage. The values exist in the evidence, subtraction direction is correct (2006 - 2005), denominator is the base year (2005), and multiplying by 100 is appropriate for percentage change.","subtract(100690000, 92710000), divide(#0, 92710000), multiply(#1, const_100)",False
C_reasoner_and_verifier_both_wrong,5,6,AES/2010/page_227.pdf-3,what percent of total recourse debt is current?,0.10039,"divide(463, 4612)","divide(463, 4612), multiply(#0, const_100)",False,"divide(463, 4612), multiply(#0, const_100)",False,"divide(463, 4612), multiply(#0, const_100)","divide(463, 4612), multiply(#0, const_100)","divide(463, 4612), multiply(#0, const_100)",False,"divide(463, 4612), multiply(#0, const_100)","divide(463, 4612), multiply(#0, const_100)","divide(463, 4612), multiply(#0, const_100)","The Reasoning Agent and Verification Agent both propose the same program, which correctly calculates the percentage of total recourse debt that is current by dividing the 2011 maturity ($463 million) by the total recourse debt ($4612 million) and multiplying by 100 to express as a percentage. The values are correctly extracted from the table, the arithmetic is correct, and the percentage scaling is appropriate. The program is sequential and uses only allowed operations.","divide(463, 4612), multiply(#0, const_100)",False
C_rescued_B_error,1,9,CMCSA/2015/page_112.pdf-2,what was the change in unrecognized tax benefits from the end of 2014 to the end of 2015?,-35.0,"subtract(1136, 1171)","subtract(1136, 1171)",True,"subtract(1171, 1136)",False,"subtract(1171, 1136)","subtract(1136, 1171)","subtract(1136, 1171)",True,"subtract(1136, 1171)","subtract(1136, 1171)","subtract(1136, 1171)","The change in unrecognized tax benefits from the end of 2014 to the end of 2015 is correctly calculated as the difference between the December 31, 2015 balance and the December 31, 2014 balance. The values $1,136 million (2015) and $1,171 million (2014) are directly from the table. The subtraction direction is correct: later year minus earlier year. No percentage scaling or unit conversion is needed; the question asks for the change, not a rate. Both agents agree and the calculation is valid.","subtract(1136, 1171)",True
C_rescued_B_error,2,39,MKTX/2004/page_99.pdf-3,"in 2004 and 2003 , what were the total shares of common stock that were issued to employees?",3876875.0,"add(1939734, 1937141)","add(1939734, 1937141)",True,"subtract(1939734, 1937141)",False,"subtract(1939734, 1937141)","add(1939734, 1937141)","add(1939734, 1937141)",True,"subtract(1939734, 1937141)","add(1939734, 1937141)","add(1939734, 1937141)","The question asks for the total shares issued to employees in 2004 and 2003, which requires summing the shares from both years. The Reasoning Agent incorrectly used subtraction, which would give the change, not the total. The Verification Agent correctly used addition to sum the two values. The values 1939734 and 1937141 are explicitly stated in the evidence for 2004 and 2003 respectively. The final program correctly computes the total shares issued over the two years.","add(1939734, 1937141)",True
C_rescued_B_error,3,40,ETR/2013/page_21.pdf-3,what is the net change in net revenue for entergy wholesale commodities during 2012?,-191.0,"subtract(1854, 2045)","subtract(1854, 2045)",True,"subtract(2045, 1854)",False,"subtract(2045, 1854)","subtract(1854, 2045)","subtract(1854, 2045)",True,"subtract(2045, 1854)","subtract(1854, 2045)","subtract(1854, 2045)","The net change in net revenue is calculated as 2012 value minus 2011 value. The Reasoning Agent correctly computes the change as subtract(2045, 1854), which gives the positive difference of 191 million. The Verification Agent incorrectly reverses the subtraction direction, resulting in a negative value. The original evidence confirms a decrease of $191 million, so the correct calculation is 2011 minus 2012, not the reverse.","subtract(2045, 1854)",False
C_rescued_B_error,4,44,K/2006/page_52.pdf-2,what was the average cash flow from 2004 to 2006,892.3,"add(957.4, 769.1), add(950.4, #0), divide(#1, const_3)","table_sum(cash flow, none), divide(#0, const_3)",True,"add(1410.5, 1143.3), add(#0, 1229.0), divide(#1, const_3)",False,"add(1410.5, 1143.3), add(#0, 1229.0), divide(#1, const_3)","add(957.4, 769.1), add(#0, 950.4), divide(#1, const_3)","add(957.4, 769.1), add(#0, 950.4), divide(#1, const_3)",True,"add(1410.5, 1143.3), add(#0, 1229.0), divide(#1, const_3)","add(957.4, 769.1), add(#0, 950.4), divide(#1, const_3)","add(957.4, 769.1), add(#0, 950.4), divide(#1, const_3)","The question asks for the average cash flow from 2004 to 2006. The financial evidence defines 'cash flow' as net cash provided by operating activities minus additions to properties. The table shows 'cash flow' values for 2004 ($950.4M), 2005 ($769.1M), and 2006 ($957.4M). The Reasoning Agent incorrectly used net cash provided by operating activities instead of the defined cash flow. The Verification Agent correctly used the 'cash flow' values from the table. The program is sequential, uses valid operations, and computes the average of the three years' cash flow values.","add(957.4, 769.1), add(#0, 950.4), divide(#1, const_3)",True
C_rescued_B_error,5,65,ABMD/2005/page_29.pdf-2,did compensation expense related to the company 2019s employee stock purchase plan grow from 2004 to 2005?,yes,"greater(28000, 19000)","subtract(28000, 19000)",False,"divide(28000, 19000)",False,"divide(28000, 19000)","greater(28000, 19000)","greater(28000, 19000)",True,"divide(28000, 19000)","subtract(28000, 19000)","subtract(28000, 19000)","The question asks whether compensation expense grew from 2004 to 2005, which requires checking if the 2005 value is greater than the 2004 value. The correct approach is to compute the difference (2005 - 2004). The Reasoning Agent's program divides 28000 by 19000, which computes a ratio and does not answer the question of growth. The Verification Agent's program correctly computes the difference, which is the appropriate operation to determine if there was growth. The values 28000 (2005) and 19000 (2004) are correctly extracted from the evidence. The subtraction direction is correct: 2005 minus 2004. No percentage scaling is needed as the question is binary (did it grow?), not asking for a percentage rate. The program is sequential and uses only allowed operations.","subtract(28000, 19000)",False
C_verifier_broke_correct_reasoning,1,30,UNP/2015/page_56.pdf-1,in 2015 what was the percent of the total operating revenues associated with agriculture products,0.16417,"divide(3581, 21813)","divide(3581, 21813), multiply(#0, const_100)",False,"divide(3581, 21813), multiply(#0, const_100)",False,"divide(3581, 21813)","divide(3581, 21813), multiply(#0, const_100)","divide(3581, 21813), multiply(#0, const_100)",False,"divide(3581, 21813), multiply(#0, const_100)","divide(3581, 21813), multiply(#0, const_100)","divide(3581, 21813), multiply(#0, const_100)",The reasoning and verification agents both propose the correct calculation: dividing agricultural products revenue by total operating revenues and multiplying by 100 to express as a percentage. The values 3581 (agricultural products) and 21813 (total operating revenues) are correctly extracted from the 2015 row of the table. The percentage scaling is appropriate as the question asks for a percent. The program is sequential and uses only allowed operations.,"divide(3581, 21813), multiply(#0, const_100)",False
C_verifier_broke_correct_reasoning,2,342,ETFC/2012/page_43.pdf-1,"what was the change in otti between 2011 and 2012 , in millions?",10.6,"subtract(19.8, 9.2)","subtract(-19.8, -9.2)",False,"subtract(19.8, 9.2)",True,"subtract(19.8, 9.2)","subtract(-19.8, -9.2)","subtract(-19.8, -9.2)",False,"subtract(19.8, 9.2)","subtract(19.8, 9.2)","subtract(19.8, 9.2)","The question asks for the change in OTTI between 2011 and 2012. The OTTI values are $-19.8 million in 2012 and $-9.2 million in 2011. The change is calculated as (2012 value) - (2011 value), which is subtract(19.8, 9.2). The negative signs in the table indicate the magnitude of impairment, but the values are already given as negative in the table. The calculation correctly uses the absolute values from the table as provided, and the subtraction direction is correct for change over time. No percentage scaling or unit conversion is needed. The program is valid and matches the evidence.","subtract(19.8, 9.2)",True
C_verifier_broke_correct_reasoning,3,650,GS/2014/page_40.pdf-2,what is the growth rate in operating expenses in 2013?,-0.02121,"subtract(22469, 22956), divide(#0, 22956)","subtract(22469, 22956), divide(#0, 22956)",True,"subtract(22469, 22956), divide(#0, 22956)",True,"subtract(22469, 22956), divide(#0, 22956)","subtract(22469, 22956), divide(#0, 22956), multiply(#1, const_100)","subtract(22469, 22956), divide(#0, 22956), multiply(#1, const_100)",False,"subtract(22469, 22956), divide(#0, 22956)","subtract(22469, 22956), divide(#0, 22956)","subtract(22469, 22956), divide(#0, 22956)","The reasoning and verification agents both compute the growth rate as (2013 - 2012) / 2012, but the question asks for the growth rate in 2013, which should be based on 2012 as the base year. The calculation (22469 - 22956) / 22956 correctly reflects the change from 2012 to 2013, and the result is a negative growth rate, which is consistent with the evidence showing a 2% decrease in 2013. The program is correct in both arithmetic and interpretation.","subtract(22469, 22956), divide(#0, 22956)",True
C_verifier_broke_correct_reasoning,4,729,MRO/2003/page_45.pdf-1,what were total asphalt sales in millions for the three year period?,227.0,"table_sum(asphalt, none)","add(74, 75), add(#0, 78)",True,"add(74, 75), add(#0, 78)",True,"add(74, 75), add(#0, 78)","add(74, 75), add(#0, 78), divide(#1, const_1000)","add(74, 75), add(#0, 78), divide(#1, const_1000)",False,"add(74, 75), add(#0, 78)",,,"The question asks for total asphalt sales in millions over three years. The evidence provides asphalt sales in thousands of barrels per day for 2001, 2002, and 2003. The Reasoning Agent correctly adds the three values: 74 + 75 + 78 = 227 (in thousands of barrels per day). However, the question asks for the total in millions, so the result must be scaled by dividing by 1000 (i.e., multiplying by 0.001). The Reasoning Agent's program does not include this unit conversion. Therefore, the program is incorrect. No other program is provided, so a corrected program must be created.","add(74, 75), add(#0, 78), multiply(#1, 0.001)",False
C_verifier_broke_correct_reasoning,5,828,GS/2017/page_86.pdf-1,"for the capital framework , what percent of the minimum supplementary leverage ratio consisted of a buffer?",0.4,"divide(const_2, const_5)","subtract(5.8, 3.0), divide(#0, 5.8), multiply(#1, const_100)",False,"divide(2.0, 5.0), multiply(#0, const_100)",False,"divide(2.0, 5.0)","divide(2.0, 5.0), multiply(#0, const_100)","divide(2.0, 5.0), multiply(#0, const_100)",False,"divide(2.0, 5.0)","divide(2.0, 5.0), multiply(#0, const_100)","divide(2.0, 5.0), multiply(#0, const_100)","The question asks for the percentage of the minimum supplementary leverage ratio that consisted of a buffer. The buffer is 2.0% and the minimum ratio is 5.0%, so the fraction is 2.0 / 5.0. Since the result must be expressed as a percentage, multiplying by 100 is correct. The Verification Agent's program is correct, and the Reasoning Agent's program omits the necessary percentage scaling. The verifier's verdict 'disagree' is incorrect because the proposed program is valid.","divide(2.0, 5.0), multiply(#0, const_100)",False
C_verifier_corrected_reasoning_error,1,9,CMCSA/2015/page_112.pdf-2,what was the change in unrecognized tax benefits from the end of 2014 to the end of 2015?,-35.0,"subtract(1136, 1171)","subtract(1136, 1171)",True,"subtract(1171, 1136)",False,"subtract(1171, 1136)","subtract(1136, 1171)","subtract(1136, 1171)",True,"subtract(1136, 1171)","subtract(1136, 1171)","subtract(1136, 1171)","The change in unrecognized tax benefits from the end of 2014 to the end of 2015 is correctly calculated as the difference between the December 31, 2015 balance and the December 31, 2014 balance. The values $1,136 million (2015) and $1,171 million (2014) are directly from the table. The subtraction direction is correct: later year minus earlier year. No percentage scaling or unit conversion is needed; the question asks for the change, not a rate. Both agents agree and the calculation is valid.","subtract(1136, 1171)",True
C_verifier_corrected_reasoning_error,2,39,MKTX/2004/page_99.pdf-3,"in 2004 and 2003 , what were the total shares of common stock that were issued to employees?",3876875.0,"add(1939734, 1937141)","add(1939734, 1937141)",True,"subtract(1939734, 1937141)",False,"subtract(1939734, 1937141)","add(1939734, 1937141)","add(1939734, 1937141)",True,"subtract(1939734, 1937141)","add(1939734, 1937141)","add(1939734, 1937141)","The question asks for the total shares issued to employees in 2004 and 2003, which requires summing the shares from both years. The Reasoning Agent incorrectly used subtraction, which would give the change, not the total. The Verification Agent correctly used addition to sum the two values. The values 1939734 and 1937141 are explicitly stated in the evidence for 2004 and 2003 respectively. The final program correctly computes the total shares issued over the two years.","add(1939734, 1937141)",True
C_verifier_corrected_reasoning_error,3,40,ETR/2013/page_21.pdf-3,what is the net change in net revenue for entergy wholesale commodities during 2012?,-191.0,"subtract(1854, 2045)","subtract(1854, 2045)",True,"subtract(2045, 1854)",False,"subtract(2045, 1854)","subtract(1854, 2045)","subtract(1854, 2045)",True,"subtract(2045, 1854)","subtract(1854, 2045)","subtract(1854, 2045)","The net change in net revenue is calculated as 2012 value minus 2011 value. The Reasoning Agent correctly computes the change as subtract(2045, 1854), which gives the positive difference of 191 million. The Verification Agent incorrectly reverses the subtraction direction, resulting in a negative value. The original evidence confirms a decrease of $191 million, so the correct calculation is 2011 minus 2012, not the reverse.","subtract(2045, 1854)",False
C_verifier_corrected_reasoning_error,4,44,K/2006/page_52.pdf-2,what was the average cash flow from 2004 to 2006,892.3,"add(957.4, 769.1), add(950.4, #0), divide(#1, const_3)","table_sum(cash flow, none), divide(#0, const_3)",True,"add(1410.5, 1143.3), add(#0, 1229.0), divide(#1, const_3)",False,"add(1410.5, 1143.3), add(#0, 1229.0), divide(#1, const_3)","add(957.4, 769.1), add(#0, 950.4), divide(#1, const_3)","add(957.4, 769.1), add(#0, 950.4), divide(#1, const_3)",True,"add(1410.5, 1143.3), add(#0, 1229.0), divide(#1, const_3)","add(957.4, 769.1), add(#0, 950.4), divide(#1, const_3)","add(957.4, 769.1), add(#0, 950.4), divide(#1, const_3)","The question asks for the average cash flow from 2004 to 2006. The financial evidence defines 'cash flow' as net cash provided by operating activities minus additions to properties. The table shows 'cash flow' values for 2004 ($950.4M), 2005 ($769.1M), and 2006 ($957.4M). The Reasoning Agent incorrectly used net cash provided by operating activities instead of the defined cash flow. The Verification Agent correctly used the 'cash flow' values from the table. The program is sequential, uses valid operations, and computes the average of the three years' cash flow values.","add(957.4, 769.1), add(#0, 950.4), divide(#1, const_3)",True
C_verifier_corrected_reasoning_error,5,65,ABMD/2005/page_29.pdf-2,did compensation expense related to the company 2019s employee stock purchase plan grow from 2004 to 2005?,yes,"greater(28000, 19000)","subtract(28000, 19000)",False,"divide(28000, 19000)",False,"divide(28000, 19000)","greater(28000, 19000)","greater(28000, 19000)",True,"divide(28000, 19000)","subtract(28000, 19000)","subtract(28000, 19000)","The question asks whether compensation expense grew from 2004 to 2005, which requires checking if the 2005 value is greater than the 2004 value. The correct approach is to compute the difference (2005 - 2004). The Reasoning Agent's program divides 28000 by 19000, which computes a ratio and does not answer the question of growth. The Verification Agent's program correctly computes the difference, which is the appropriate operation to determine if there was growth. The values 28000 (2005) and 19000 (2004) are correctly extracted from the evidence. The subtraction direction is correct: 2005 minus 2004. No percentage scaling is needed as the question is binary (did it grow?), not asking for a percentage rate. The program is sequential and uses only allowed operations.","subtract(28000, 19000)",False
D_all_three_stages_wrong,1,1,INTC/2015/page_41.pdf-4,what percentage of total facilities as measured in square feet are leased?,0.14464,"divide(8.1, 56.0)","divide(8.1, 56.0), multiply(#0, const_100)",False,"divide(8.1, 56.0), multiply(#0, const_100)",False,"divide(8.1, 56.0), multiply(#0, const_100)","divide(8.1, 56.0), multiply(#0, const_100)","divide(8.1, 56.0), multiply(#0, const_100)",False,"divide(8.1, 56.0), multiply(#0, const_100)","divide(8.1, 56.0), multiply(#0, const_100)","divide(8.1, 56.0), multiply(#0, const_100)","The reasoning and verification agents both correctly calculate the percentage of total facilities that are leased by dividing the leased facilities (8.1 million square feet) by the total facilities (56.0 million square feet) and multiplying by 100 to express the result as a percentage. The values are correctly extracted from the evidence table, and the arithmetic relationship is accurate. The multiplication by const_100 is appropriate because the question asks for a percentage.","divide(8.1, 56.0), multiply(#0, const_100)",False
D_all_three_stages_wrong,2,2,ADI/2011/page_61.pdf-2,what is the percentage change in cash flow hedges in 2011 compare to the 2010?,0.09864,"subtract(153.7, 139.9), divide(#0, 139.9)","subtract(153.7, 139.9), divide(#0, 139.9), multiply(#1, const_100)",False,"subtract(153.7, 139.9), divide(#0, 139.9), multiply(#1, const_100)",False,"divide(153.7, 139.9), multiply(#0, const_100)","subtract(153.7, 139.9), divide(#0, 139.9), multiply(#1, const_100)","subtract(153.7, 139.9), divide(#0, 139.9), multiply(#1, const_100)",False,"divide(153.7, 139.9), multiply(#0, const_100)","subtract(153.7, 139.9), divide(#0, 139.9), multiply(#1, const_100)","subtract(153.7, 139.9), divide(#0, 139.9), multiply(#1, const_100)","The percentage change requires subtracting the base value (2010) from the new value (2011), dividing by the base value, and scaling to a percentage. The Reasoning Agent incorrectly used division first, then multiplied by 100, which is invalid in sequential FinQA format. The Verification Agent's program correctly computes the difference, divides by the 2010 value, and multiplies by 100 for percentage scaling.","subtract(153.7, 139.9), divide(#0, 139.9), multiply(#1, const_100)",False
D_all_three_stages_wrong,3,4,MAS/2017/page_27.pdf-2,what was the difference in percentage cumulative total shareholder return on masco common stock versus the s&p 500 index for the five year period ended 2017?,1.1197,"subtract(318.46, const_100), divide(#0, const_100), subtract(206.49, const_100), divide(#2, const_100), subtract(#1, #3)","subtract(318.46, 206.49), divide(#0, 206.49), multiply(#1, const_100)",False,"subtract(318.46, 206.49)",False,"subtract(318.46, 206.49)","subtract(318.46, 206.49)","subtract(318.46, 206.49)",False,"subtract(318.46, 206.49)","subtract(318.46, 206.49)","subtract(318.46, 206.49)","The question asks for the difference in percentage cumulative total shareholder return, which requires calculating the percentage difference between the two values. The Reasoning Agent and Verification Agent both correctly identify the final values (318.46 for Masco and 206.49 for S&P 500) and compute their difference, but they fail to express the result as a percentage. The correct approach is to compute the percentage difference by dividing the difference by the S&P 500 value and then scaling by 100 to express it as a percentage. The final program must include this percentage scaling.","subtract(318.46, 206.49), divide(#0, 206.49), multiply(#1, const_100)",False
D_all_three_stages_wrong,4,5,SYY/2006/page_71.pdf-1,"what was the percentage change in total rental expense under operating leases from july 2 , 2005 to july 1 , 2006?",0.06757,"subtract(92710000, 86842000), divide(#0, 86842000)","subtract(100690000, 92710000), divide(#0, 92710000), multiply(#1, const_100)",False,"subtract(100690000, 92710000), divide(#0, 92710000), multiply(#1, const_100)",False,"subtract(100690000, 92710000), divide(#0, 92710000), multiply(#1, const_100)","subtract(100690000, 92710000), divide(#0, 92710000), multiply(#1, const_100)","subtract(100690000, 92710000), divide(#0, 92710000), multiply(#1, const_100)",False,"subtract(100690000, 92710000), divide(#0, 92710000), multiply(#1, const_100)","subtract(100690000, 92710000), divide(#0, 92710000), multiply(#1, const_100)","subtract(100690000, 92710000), divide(#0, 92710000), multiply(#1, const_100)","Both agents propose the same correct program: calculate the difference in rental expenses, divide by the 2005 value, and multiply by 100 to express as a percentage. The values exist in the evidence, subtraction direction is correct (2006 - 2005), denominator is the base year (2005), and multiplying by 100 is appropriate for percentage change.","subtract(100690000, 92710000), divide(#0, 92710000), multiply(#1, const_100)",False
D_all_three_stages_wrong,5,6,AES/2010/page_227.pdf-3,what percent of total recourse debt is current?,0.10039,"divide(463, 4612)","divide(463, 4612), multiply(#0, const_100)",False,"divide(463, 4612), multiply(#0, const_100)",False,"divide(463, 4612), multiply(#0, const_100)","divide(463, 4612), multiply(#0, const_100)","divide(463, 4612), multiply(#0, const_100)",False,"divide(463, 4612), multiply(#0, const_100)","divide(463, 4612), multiply(#0, const_100)","divide(463, 4612), multiply(#0, const_100)","The Reasoning Agent and Verification Agent both propose the same program, which correctly calculates the percentage of total recourse debt that is current by dividing the 2011 maturity ($463 million) by the total recourse debt ($4612 million) and multiplying by 100 to express as a percentage. The values are correctly extracted from the table, the arithmetic is correct, and the percentage scaling is appropriate. The program is sequential and uses only allowed operations.","divide(463, 4612), multiply(#0, const_100)",False
D_coordinator_broke_verified_answer,1,40,ETR/2013/page_21.pdf-3,what is the net change in net revenue for entergy wholesale commodities during 2012?,-191.0,"subtract(1854, 2045)","subtract(1854, 2045)",True,"subtract(2045, 1854)",False,"subtract(2045, 1854)","subtract(1854, 2045)","subtract(1854, 2045)",True,"subtract(2045, 1854)","subtract(1854, 2045)","subtract(1854, 2045)","The net change in net revenue is calculated as 2012 value minus 2011 value. The Reasoning Agent correctly computes the change as subtract(2045, 1854), which gives the positive difference of 191 million. The Verification Agent incorrectly reverses the subtraction direction, resulting in a negative value. The original evidence confirms a decrease of $191 million, so the correct calculation is 2011 minus 2012, not the reverse.","subtract(2045, 1854)",False
D_coordinator_corrected_verifier_error,1,77,CB/2010/page_83.pdf-1,what is the change in fair value of financial market instruments as part of the hedging strategy during 2010?,-26.0,"subtract(21, 47)","subtract(21, 47)",True,"subtract(47, 21)",False,"subtract(47, 21)","subtract(21, 47)","subtract(21, 47)",True,"subtract(47, 21)","subtract(47, 21)","subtract(47, 21)","The question asks for the change in fair value of financial market instruments as part of the hedging strategy during 2010. The evidence states that the instruments had a fair value of $47 million at December 31, 2009, and $21 million at December 31, 2010. The change is calculated as the difference between the 2010 value and the 2009 value, which is subtract(21, 47) = -26 million. However, the Reasoning Agent and Verification Agent both compute subtract(47, 21), which represents the change from 2009 to 2010 in the wrong direction. The correct calculation must reflect the change from 2009 to 2010, so the 2010 value (21) minus the 2009 value (47) is required. The agents' programs are incorrect due to subtraction direction error.","subtract(21, 47)",True
D_coordinator_corrected_verifier_error,2,78,GS/2017/page_86.pdf-2,"in millions for the fourth quarters of 2017 and 2016 , what was the total tier 1 capital?",160035.0,"add(78227, 81808)","add(78227, -4572), add(81808, -4897)",False,"subtract(81808, 78227)",False,"subtract(81808, 78227)","add(78227, 81808)","add(78227, 81808)",True,"subtract(81808, 78227)",78227,78227,"The question asks for the total Tier 1 capital in the fourth quarters of 2017 and 2016. The evidence table directly provides the values: $78,227 million for 2017 and $81,808 million for 2016. The Reasoning Agent incorrectly computes the difference, which is not what is asked. The Verification Agent correctly identifies that the value for 2017 is 78227, but the question asks for both years. However, the final program must answer the question as posed. Since the question asks for the total Tier 1 capital for both years, the correct calculation is the sum of the two values. The Verification Agent's program only returns 78227, which is incomplete. The correct program must return the sum of both years' Tier 1 capital.","add(78227, 81808)",True
D_coordinator_corrected_verifier_error,3,110,AMT/2016/page_49.pdf-3,"what is the growth rate in the price of shares from the highest value during the quarter ended december 31 , 2016 and the closing price on february 17 , 2017?",-0.08451,"subtract(108.11, 118.09), divide(#0, 118.09)","table_max(high, none), subtract(108.11, #0), divide(#1, #0)",False,"subtract(118.26, 108.11), divide(#0, 118.26)",False,"subtract(118.26, 108.11), divide(#0, 118.26)","subtract(108.11, 118.26), divide(#0, 118.26)","subtract(108.11, 118.26), divide(#0, 118.26)",False,"subtract(118.26, 108.11), divide(#0, 118.26)","subtract(108.11, 118.26), divide(#0, 118.26)","subtract(108.11, 118.26), divide(#0, 118.26)","The growth rate is calculated as (final value - initial value) / initial value. The highest share price during the quarter ended December 31, 2016, is $118.09 (from the table), not $118.26 (which is the high for September 30, 2016). The closing price on February 17, 2017, is $108.11. Since the final price is lower than the initial price, the growth rate should be negative. The correct calculation is (108.11 - 118.09) / 118.09. The Reasoning Agent used the wrong initial value ($118.26), and the Verification Agent's program uses the same incorrect value. The correct initial value is $118.09.","subtract(108.11, 118.09), divide(#0, 118.09)",True
D_coordinator_corrected_verifier_error,4,280,GS/2017/page_179.pdf-3,did the firm cancel more stock options during 2017 than it repurchased in common shares?,no,"greater(4.6, 29.0)","subtract(4.6, 29.0), greater(#0, const_0)",True,"subtract(29.0, 4.6)",False,"subtract(29.0, 4.6)",,,False,"subtract(29.0, 4.6)","subtract(29.0, 4.6)","subtract(29.0, 4.6)","The reasoning agent and verification agent both propose subtracting 4.6 million stock options canceled from 29.0 million common shares repurchased. However, the question asks whether the firm canceled more stock options than it repurchased common shares. The correct comparison is whether 4.6 million (options canceled) > 29.0 million (shares repurchased). The proposed program subtracts them, which is not the correct operation for answering the question. The correct program should compare the two values directly using 'greater', not subtract. The values are correctly extracted from the evidence: 29.0 million shares repurchased in 2017 and 4.6 million stock options canceled in 2017.","greater(4.6, 29.0)",True
D_coordinator_corrected_verifier_error,5,306,ABC/2005/page_49.pdf-1,"without employee severance costs in 2004 and 2005 , what would have been the increase in net income in millions?\\n\\n",18.7,"add(13.3, 5.4)","add(5.4, 13.3), subtract(12319, #0)",False,"add(5.4, 13.3)",True,"add(5.4, 13.3)","add(5.4, 13.3)","add(5.4, 13.3)",True,"add(5.4, 13.3), subtract(#0, 5.4), subtract(#1, 13.3)",,,"The question asks for the increase in net income without employee severance costs in 2004 and 2005. The reasoning agent incorrectly adds the severance costs and then subtracts them from each year, which is logically flawed. The correct approach is to recognize that severance costs were expenses that reduced net income. To find what net income would have been without these costs, we must add the severance costs back to the actual net income for each year. However, since the actual net income values are not provided in the evidence, and only the severance costs are given, the only valid calculation is to sum the severance costs as they represent the total reduction in net income due to these expenses. Thus, the increase in net income (if these costs were excluded) is simply the sum of the severance costs in 2004 and 2005.","add(5.4, 13.3)",True
D_execution_correct_program_mismatch,1,15,MRO/2011/page_108.pdf-1,"what was the average net annual change in discounted future net cash flows ( in millions ) for the years 2011 , 2010 , and 2009?",3297.66667,"table_average(net change for the year, none)","table_average(net change for the year, none)",True,"add(1620, 3625), add(#0, 4648), divide(#1, const_3)",True,"add(4648, 3625), add(#0, 1620), divide(#1, const_3)","add(4648, 3625), add(#0, 1620), divide(#1, const_3)","add(4648, 3625), add(#0, 1620), divide(#1, const_3)",True,"add(4648, 3625), add(#0, 1620), divide(#1, const_3)","add(4648, 3625), add(#0, 1620), divide(#1, const_3)","add(4648, 3625), add(#0, 1620), divide(#1, const_3)","The Reasoning Agent and Verification Agent both propose the same program, which correctly sums the net changes for 2011, 2010, and 2009 (4648 + 3625 + 1620 = 9893) and divides by 3 to compute the average. The values are directly from the 'net change for the year' row in the table, and the question asks for the average of these three annual changes. No percentage scaling is needed as the result should be a decimal value in millions. The program uses valid operations and correct sequential referencing.","add(4648, 3625), add(#0, 1620), divide(#1, const_3)",True
D_execution_correct_program_mismatch,2,16,RCL/2012/page_75.pdf-1,"assuming each continent has the same number of destinations , approximately how many destinations does each continent have?",65.0,"divide(455, const_7)","divide(455, 7)",True,"divide(455, 7)",True,"divide(455, 7)","divide(455, 7)","divide(455, 7)",True,"divide(455, 7)","divide(455, 7)","divide(455, 7)","The question asks for the approximate number of destinations per continent, given that there are 455 destinations across 7 continents. Dividing 455 by 7 yields the correct average number of destinations per continent. Both agents propose the same correct program, and the verification is valid. The calculation is mathematically sound and matches the evidence.","divide(455, 7)",True
D_execution_correct_program_mismatch,3,38,GS/2017/page_179.pdf-4,"what is the total amount of stock options cancelled in millions during 2017 , 2016 and 2015?",12.1,"add(4.6, 5.5), add(#0, const_2)","add(4.6, 5.5), add(#0, 2.0)",True,"add(4.6, 5.5), add(#0, 2.0)",True,"add(4.6, 5.5), add(#0, 2.0)","add(4.6, 5.5), add(#0, 2.0)","add(4.6, 5.5), add(#0, 2.0)",True,"add(4.6, 5.5), add(#0, 2.0)","add(4.6, 5.5), add(#0, 2.0)","add(4.6, 5.5), add(#0, 2.0)","The evidence states that the firm cancelled 4.6 million, 5.5 million, and 2.0 million stock options in 2017, 2016, and 2015, respectively. The proposed program correctly adds these values: 4.6 + 5.5 = 10.1, then 10.1 + 2.0 = 12.1. The values are directly from the evidence, and the operations are correctly sequenced. No percentage scaling or unit conversion is needed as the question asks for the total in millions.","add(4.6, 5.5), add(#0, 2.0)",True
D_execution_correct_program_mismatch,4,53,ILMN/2008/page_82.pdf-1,during 2008 what was the share price of the warrants exercised\\n,1e-05,"divide(const_3, 401362)","divide(3.0, 401362)",True,"divide(3.0, 401362)",True,"divide(3.0, 401362)","divide(3.0, 401362)","divide(3.0, 401362)",True,"divide(3.0, 401362)","divide(3.0, 401362)","divide(3.0, 401362)","The question asks for the share price of warrants exercised in 2008. The evidence states that 401,362 warrants were exercised, resulting in cash proceeds of $3.0 million. The share price is calculated by dividing total cash proceeds by the number of warrants exercised. The calculation divide(3.0, 401362) correctly computes the average price per warrant in millions of dollars, which is the appropriate unit. No percentage scaling or unit conversion is needed. The reasoning and verification programs are correct.","divide(3.0, 401362)",True
D_execution_correct_program_mismatch,5,63,AON/2007/page_175.pdf-2,what is the net change in aon 2019s unpaid restructuring liabilities during 2006?,18.0,"add(155, -141), add(#0, 4)","subtract(134, 116)",True,"subtract(134, 116)",True,"subtract(134, 116)","subtract(134, 116)","subtract(134, 116)",True,"subtract(134, 116)","subtract(134, 116)","subtract(134, 116)","The net change in unpaid restructuring liabilities from 2005 to 2006 is the difference between the balance at December 31, 2006 ($134 million) and the balance at December 31, 2005 ($116 million). The calculation subtract(134, 116) correctly computes this change. Both agents agree on the correct values and operation. The result represents a net increase of $18 million, which is consistent with the financial evidence.","subtract(134, 116)",True
D_invalid_program,1,32,AAPL/2006/page_100.pdf-3,"what was the greatest provision for income taxes , in millions?",829.0,"table_max(provision for income taxes, none)","table_max(provision for income taxes, none)",True,"table_max(829, 480, 104)",False,table_max(provision for income taxes),table_max(provision for income taxes),table_max(provision for income taxes),False,table_max(provision for income taxes),table_max(provision for income taxes),table_max(provision for income taxes),"The question asks for the greatest provision for income taxes in millions. The evidence table shows the 'provision for income taxes' values for 2006, 2005, and 2004 as $829, $480, and $104 million respectively. The maximum value is $829 million, which corresponds to 2006. The table_max operation correctly identifies this value. Both agents agree, and the operation is valid and correctly applied.",table_max(provision for income taxes),False
D_invalid_program,2,35,ABMD/2008/page_86.pdf-1,"assuming the same level of settlements as in fiscal 2007 , what would be the ending balance at march 31 2008 in millions for unrecognized tax benefits?\\n",112.0,"subtract(168, 56)","subtract(224, 56)",False,"subtract(224, 168)",False,"subtract(224, 168)","table_sum(""balance at april 1 2007"", ""reductions for tax positions for closing of the applicable statute of limitations"")","table_sum(""balance at april 1 2007"", ""reductions for tax positions for closing of the applicable statute of limitations"")",False,"subtract(224, 168)",168,168,"The question asks for the ending balance at March 31, 2008, which is directly provided in the table as $168 million. The Reasoning Agent's program subtracts 224 - 168, which computes the change, not the ending balance. The Verification Agent correctly identifies the ending balance as 168, and the verdict 'disagree' with the Reasoning Agent is justified. The final program must return the ending balance, not a difference.",168,False
D_invalid_program,3,108,UNP/2007/page_25.pdf-1,what was the operating expenses in 2006 in millions,2688.88889,"divide(242, 9%)","subtract(3277, 2426), subtract(#0, 364)",False,2880,False,2880,2880,2880,False,2880,,,"The question asks for the operating expenses in 2006 in millions. The financial evidence shows that 'cash provided by operating activities' for 2006 is $2880 million. This is the correct value directly from the table. No calculation is needed as the question asks for a direct value, not a derived metric like growth rate or percentage change.",2880,False
D_invalid_program,4,115,C/2008/page_22.pdf-2,what was the total after-tax gains in millions for the sale so mastercard shares from 2006 to 2007?,445.0,"add(367, 78)","subtract(367, 0), multiply(#0, const_1)",False,"divide(367, 78), multiply(#0, const_100)",False,"divide(367, 78), multiply(#0, const_100)",367,367,False,"divide(367, 78)",367,367,"The question asks for the total after-tax gains in millions for the sale of Mastercard shares from 2006 to 2007. The financial evidence explicitly states: 'the company recorded a $367 million after-tax gain... on the sale of approximately 4.9 million mastercard class b shares' in 2007. This is a direct, standalone value. The Reasoning Agent's program divide(367, 78) incorrectly computes a ratio, which is not what is asked. The Verification Agent's program 367 correctly identifies the after-tax gain as $367 million, which directly answers the question. The value 78 is the 2006 after-tax total, which is irrelevant to the gain from the 2007 sale. No calculation is needed.",367,False
D_invalid_program,5,124,CME/2017/page_40.pdf-2,what is the anualized return for s&p 500 from 2012 to 2017?,0.01577,"subtract(208.14, 100), divide(#0, 100), divide(const_1, const_5), exp(#1, #2), subtract(#3, const_1)","divide(208.14, 132.39), subtract(#0, const_1), multiply(#1, const_100), divide(#2, const_5)",False,"divide(208.14, 132.39), subtract(#0, const_1), multiply(#1, const_100)",False,"divide(208.14, 132.39), subtract(#0, const_1), exp(#1, 0.2)","divide(208.14, 132.39), subtract(#0, const_1), exp(#1, 0.2)","divide(208.14, 132.39), subtract(#0, const_1), exp(#1, 0.2)",False,"divide(208.14, 132.39), subtract(#0, const_1), multiply(#1, const_100)",,,"The Reasoning Agent's program incorrectly calculates the annualized return. The formula should compute the compound growth rate over 5 years, not a simple percentage change. The correct approach is to take the 5-year ratio, raise it to the power of 1/5, subtract 1, and multiply by 100 for percentage. The Reasoning Agent's use of subtract(#0, const_1) after divide is incorrect because it does not represent the compound annual growth rate. The correct program uses the geometric mean formula for annualized return.","divide(208.14, 132.39), exp(#0, const_0_2), subtract(#1, const_1), multiply(#2, const_100)",False
D_lost_C_correct_answer,1,40,ETR/2013/page_21.pdf-3,what is the net change in net revenue for entergy wholesale commodities during 2012?,-191.0,"subtract(1854, 2045)","subtract(1854, 2045)",True,"subtract(2045, 1854)",False,"subtract(2045, 1854)","subtract(1854, 2045)","subtract(1854, 2045)",True,"subtract(2045, 1854)","subtract(1854, 2045)","subtract(1854, 2045)","The net change in net revenue is calculated as 2012 value minus 2011 value. The Reasoning Agent correctly computes the change as subtract(2045, 1854), which gives the positive difference of 191 million. The Verification Agent incorrectly reverses the subtraction direction, resulting in a negative value. The original evidence confirms a decrease of $191 million, so the correct calculation is 2011 minus 2012, not the reverse.","subtract(2045, 1854)",False
D_lost_C_correct_answer,2,65,ABMD/2005/page_29.pdf-2,did compensation expense related to the company 2019s employee stock purchase plan grow from 2004 to 2005?,yes,"greater(28000, 19000)","subtract(28000, 19000)",False,"divide(28000, 19000)",False,"divide(28000, 19000)","greater(28000, 19000)","greater(28000, 19000)",True,"divide(28000, 19000)","subtract(28000, 19000)","subtract(28000, 19000)","The question asks whether compensation expense grew from 2004 to 2005, which requires checking if the 2005 value is greater than the 2004 value. The correct approach is to compute the difference (2005 - 2004). The Reasoning Agent's program divides 28000 by 19000, which computes a ratio and does not answer the question of growth. The Verification Agent's program correctly computes the difference, which is the appropriate operation to determine if there was growth. The values 28000 (2005) and 19000 (2004) are correctly extracted from the evidence. The subtraction direction is correct: 2005 minus 2004. No percentage scaling is needed as the question is binary (did it grow?), not asking for a percentage rate. The program is sequential and uses only allowed operations.","subtract(28000, 19000)",False
D_lost_C_correct_answer,3,152,PNC/2012/page_247.pdf-3,by what percentage did the potential maximum exposure decrease by the end of 2012?,2.5,"subtract(const_4, 3.9), divide(#0, const_4), multiply(#1, const_100)","subtract(4.0, 3.9), divide(#0, 4.0), multiply(#1, const_100)",True,"subtract(4.0, 3.9), divide(#0, 4.0), multiply(#1, const_100)",True,"divide(3.9, 4.0), multiply(#0, const_100)","subtract(4.0, 3.9), divide(#0, 4.0), multiply(#1, const_100)","subtract(4.0, 3.9), divide(#0, 4.0), multiply(#1, const_100)",True,"divide(3.9, 4.0), multiply(#0, const_100)",,,"The Reasoning Agent's program correctly calculates the percentage decrease in potential maximum exposure from 2011 to 2012. The values 3.9 (2012) and 4.0 (2011) are directly from the evidence, and the formula subtracts the later value from the earlier one implicitly via division of the difference over the initial value. Since the question asks for the percentage decrease, multiplying by 100 is appropriate. The calculation aligns with the financial evidence and proper percentage change logic.","divide(subtract(4.0, 3.9), 4.0), multiply(#0, const_100)",False
D_lost_C_correct_answer,4,212,ABMD/2007/page_78.pdf-2,"assuming the same appreciation as 2007 , what would be the expected 2008 weighted average grant-date fair value for options?",11.07996,"divide(8.75, 6.91), multiply(#0, 8.75)","subtract(8.75, 6.91), divide(#0, 6.91), multiply(#1, const_100)",False,"subtract(8.75, 6.91), divide(#0, 6.91), multiply(8.75, #1)",False,"subtract(8.75, 6.91), divide(#0, 6.91)","subtract(8.75, 6.91), divide(#0, 6.91), add(const_1, #1), multiply(8.75, #2)","subtract(8.75, 6.91), divide(#0, 6.91), add(const_1, #1), multiply(8.75, #2)",True,"divide(8.75, 6.91), multiply(#0, 8.75)",,,"The reasoning agent's program incorrectly applies the appreciation rate. The question asks for the expected 2008 value assuming the same appreciation as in 2007. The appreciation from 2006 to 2007 is (8.75 - 6.91) / 6.91. Applying this rate to 2007's value gives the expected 2008 value. The reasoning agent's program divides 8.75 by 6.91 and multiplies by 8.75, which is incorrect. The correct approach is to compute the growth rate and apply it to the 2007 value.","subtract(8.75, 6.91), divide(#0, 6.91), multiply(#1, 8.75)",False
D_lost_C_correct_answer,5,218,GPN/2010/page_87.pdf-1,what is the after-tax share-based compensation cost in 2010?,11.8,"subtract(18.1, 6.3)","subtract(18.1, 6.3)",True,"subtract(18.1, 6.3)",True,"subtract(18.1, 6.3)","subtract(18.1, 6.3)","subtract(18.1, 6.3)",True,"subtract(18.1, -6.3)","subtract(18.1, -6.3)","subtract(18.1, -6.3)","The question asks for the after-tax share-based compensation cost, which is the share-based compensation cost minus the income tax benefit. The evidence shows a share-based compensation cost of $18.1 million and an income tax benefit of $6.3 million (recorded as -$6.3 in the table). Subtracting a negative tax benefit (i.e., adding the tax benefit) correctly yields the after-tax cost. Both agents correctly compute this as subtract(18.1, -6.3), which is equivalent to 18.1 + 6.3 = 24.4. The calculation is valid and matches the financial evidence.","subtract(18.1, -6.3)",False
D_only_correct,1,110,AMT/2016/page_49.pdf-3,"what is the growth rate in the price of shares from the highest value during the quarter ended december 31 , 2016 and the closing price on february 17 , 2017?",-0.08451,"subtract(108.11, 118.09), divide(#0, 118.09)","table_max(high, none), subtract(108.11, #0), divide(#1, #0)",False,"subtract(118.26, 108.11), divide(#0, 118.26)",False,"subtract(118.26, 108.11), divide(#0, 118.26)","subtract(108.11, 118.26), divide(#0, 118.26)","subtract(108.11, 118.26), divide(#0, 118.26)",False,"subtract(118.26, 108.11), divide(#0, 118.26)","subtract(108.11, 118.26), divide(#0, 118.26)","subtract(108.11, 118.26), divide(#0, 118.26)","The growth rate is calculated as (final value - initial value) / initial value. The highest share price during the quarter ended December 31, 2016, is $118.09 (from the table), not $118.26 (which is the high for September 30, 2016). The closing price on February 17, 2017, is $108.11. Since the final price is lower than the initial price, the growth rate should be negative. The correct calculation is (108.11 - 118.09) / 118.09. The Reasoning Agent used the wrong initial value ($118.26), and the Verification Agent's program uses the same incorrect value. The correct initial value is $118.09.","subtract(108.11, 118.09), divide(#0, 118.09)",True
D_only_correct,2,281,JPM/2009/page_175.pdf-5,"what is the increase of the total trading assets between the years 2007 and 2008 , in millions of dollars?",58665.0,"add(384102, 121417), add(381415, 65439), subtract(#0, #1)","subtract(384102, 381415)",False,"subtract(384102, 381415)",False,"subtract(384102, 381415)","subtract(384102, 381415)","subtract(384102, 381415)",False,"subtract(384102, 381415)","add(384102, 121417), add(381415, 65439), subtract(#0, #1)","add(384102, 121417), add(381415, 65439), subtract(#0, #1)","The question asks for the increase in total trading assets between 2007 and 2008. Total trading assets are the sum of debt and equity instruments and derivative receivables. The Reasoning Agent correctly identifies the values for 2008 ($384,102M) and 2007 ($381,415M) but fails to include derivative receivables. The Verification Agent correctly computes total trading assets for both years by summing the two components and then computes the difference. The Verifier's verdict 'disagree' is incorrect because the proposed program is correct. The final program correctly computes the increase in total trading assets.","add(384102, 121417), add(381415, 65439), subtract(#0, #1)",True
D_only_correct,3,379,GS/2018/page_69.pdf-3,what is the total net revenues in the consolidated statements of earnings in 2016?,30.87736,"add(const_1, 6%), divide(32.73, #0)","add(3.2, 9.45), add(#0, 5.82), add(#1, 3.77), add(#2, 7.37), add(#3, 5.8), add(#4, 3.05), add(#5, 7.66), add(#6, 5.91), add(#7, 2.93)",False,"multiply(32.73, const_0.06), add(32.73, #0)",False,"multiply(32.73, const_0.06), add(32.73, #0)","divide(32.73, add(const_1, const_0.06))","divide(32.73, add(const_1, const_0.06))",False,"multiply(32.73, const_0.06), add(32.73, #0)","divide(32.73, const_1.06)","divide(32.73, const_1.06)","The question asks for the total net revenues in 2016, and the evidence states that 2017 net revenues were $32.73 billion, which was 6% higher than 2016. Therefore, 2016 revenues must be 2017 revenues divided by 1.06. The Verification Agent's program correctly applies this reverse percentage calculation. The Reasoning Agent incorrectly adds 6% of 2017 to 2017, which would give a value higher than 2017, contradicting the fact that 2017 was higher than 2016. The Verification Agent's program is correct.","divide(32.73, const_1.06)",True
D_only_correct,4,673,BKNG/2016/page_33.pdf-3,what was the difference in percentage change in priceline group and the s&p 500 index for the five year period ended 2016?,1.1527,"subtract(313.45, const_100), divide(#0, const_100), subtract(198.18, const_100), divide(#2, const_100), subtract(#1, #3)","subtract(313.45, 100.00), divide(#0, 100.00), multiply(#1, const_100), subtract(198.18, 100.00), divide(#3, 100.00), multiply(#4, const_100), subtract(#2, #5)",False,"subtract(313.45, 100.00), divide(#0, 100.00), multiply(#1, const_100), subtract(198.18, 100.00), divide(#3, 100.00), multiply(#4, const_100), subtract(#2, #5)",False,"subtract(313.45, 100.00), divide(#0, 100.00), multiply(#1, const_100), subtract(198.18, 100.00), divide(#3, 100.00), multiply(#4, const_100), subtract(#2, #5)","subtract(313.45, 100.00), divide(#0, 100.00), multiply(#1, const_100), subtract(198.18, 100.00), divide(#3, 100.00), multiply(#4, const_100), subtract(#2, #5)","subtract(313.45, 100.00), divide(#0, 100.00), multiply(#1, const_100), subtract(198.18, 100.00), divide(#3, 100.00), multiply(#4, const_100), subtract(#2, #5)",False,"subtract(313.45, 100.00), divide(#0, 100.00), subtract(198.18, 100.00), divide(#2, 100.00), subtract(#0, #3)","subtract(313.45, 100.00), divide(#0, 100.00), subtract(198.18, 100.00), divide(#2, 100.00), subtract(#1, #3)","subtract(313.45, 100.00), divide(#0, 100.00), subtract(198.18, 100.00), divide(#2, 100.00), subtract(#1, #3)",The Verification Agent correctly identifies the percentage change for Priceline Group as (#1) and for S&P 500 as (#3). The difference in percentage changes is #1 - #3. The Reasoning Agent incorrectly uses #0 (the absolute change) instead of #1 (the percentage change) in the final subtraction.,"subtract(313.45, 100.00), divide(#0, 100.00), subtract(198.18, 100.00), divide(#2, 100.00), subtract(#1, #3)",True
D_only_correct,5,725,MSI/2012/page_87.pdf-3,in 2011 what was the average share price applicable to the employee purchases of 2.2 millions,33.085,"add(30.56, 35.61), divide(#0, const_2)","divide(30.56, 2.2), multiply(#0, const_100)",False,"divide(30.56, const_1)",False,"divide(30.56, const_1)",const_30.56,const_30.56,False,"multiply(2.2, 30.56), divide(#0, 2.2)",,,"The question asks for the average share price applicable to employee purchases in 2011. The evidence states that in 2011, employees purchased 2.2 million shares at purchase prices of $30.56 and $35.61. Since the question specifies 'the average share price', and two prices are listed, the correct interpretation is to compute the average of these two prices. The Reasoning Agent's program incorrectly multiplies 2.2 by 30.56 and then divides by 2.2, which cancels out the quantity and returns only 30.56, ignoring the second price. The correct approach is to average the two given prices: (30.56 + 35.61) / 2.","add(30.56, 35.61), divide(#0, const_2)",True
D_rescued_C_error,1,13,JKHY/2019/page_18.pdf-3,was the five year total return of the 2019 peer group greater than the 2018 peer group?,no,"greater(281.09, 286.22)","subtract(281.09, 100.00), subtract(286.22, 100.00), greater(#0, #1)",True,"subtract(281.09, 100.00), divide(#0, 100.00), subtract(286.22, 100.00), divide(#2, 100.00), greater(#1, #3)",True,"subtract(281.09, 100.00), divide(#0, 100.00), subtract(286.22, 100.00), divide(#2, 100.00)",,,False,"subtract(281.09, 286.22)","greater(281.09, 286.22)","greater(281.09, 286.22)","The question asks whether the five-year total return of the 2019 peer group was greater than that of the 2018 peer group. The total return is represented by the final value in 2019 (281.09) compared to the 2018 peer group's final value (286.22). The correct comparison is a direct greater-than check between these two values. The Verification Agent's program correctly captures this comparison, and the Reasoning Agent's program incorrectly computes the difference instead of making the required comparison. The verifier's verdict and proposed program are correct.","greater(281.09, 286.22)",True
D_rescued_C_error,2,110,AMT/2016/page_49.pdf-3,"what is the growth rate in the price of shares from the highest value during the quarter ended december 31 , 2016 and the closing price on february 17 , 2017?",-0.08451,"subtract(108.11, 118.09), divide(#0, 118.09)","table_max(high, none), subtract(108.11, #0), divide(#1, #0)",False,"subtract(118.26, 108.11), divide(#0, 118.26)",False,"subtract(118.26, 108.11), divide(#0, 118.26)","subtract(108.11, 118.26), divide(#0, 118.26)","subtract(108.11, 118.26), divide(#0, 118.26)",False,"subtract(118.26, 108.11), divide(#0, 118.26)","subtract(108.11, 118.26), divide(#0, 118.26)","subtract(108.11, 118.26), divide(#0, 118.26)","The growth rate is calculated as (final value - initial value) / initial value. The highest share price during the quarter ended December 31, 2016, is $118.09 (from the table), not $118.26 (which is the high for September 30, 2016). The closing price on February 17, 2017, is $108.11. Since the final price is lower than the initial price, the growth rate should be negative. The correct calculation is (108.11 - 118.09) / 118.09. The Reasoning Agent used the wrong initial value ($118.26), and the Verification Agent's program uses the same incorrect value. The correct initial value is $118.09.","subtract(108.11, 118.09), divide(#0, 118.09)",True
D_rescued_C_error,3,111,ADBE/1999/page_64.pdf-3,what is the net change in the balance of accrual related to restructurings during 1999?,-8095.0,"subtract(772, 8867)","subtract(772, 8867)",True,"subtract(8867, 772)",False,"subtract(8867, 772)","subtract(8867, 772)","subtract(8867, 772)",False,"subtract(8867, 772)","subtract(772, 8867)","subtract(772, 8867)","The net change is the difference between the ending balance and the starting balance. The accrual balance decreased from $8,867 thousand on November 27, 1998, to $772 thousand on December 3, 1999. Therefore, the correct calculation is subtract(772, 8867), which yields a negative change reflecting the reduction. The Verification Agent's program is correct, and the Reasoning Agent's program reverses the subtraction direction.","subtract(772, 8867)",True
D_rescued_C_error,4,142,AMT/2014/page_160.pdf-4,was 2014 rent expense greater than 2015 operating lease expense?,yes,"divide(574438, const_1000), greater(655.0, #0)","subtract(655.0, 574.438)",False,"greater(655.0, 574.438)",True,"subtract(655.0, 574.438)","subtract(655.0, 574.438)","subtract(655.0, 574.438)",False,"divide(574.438, 655.0), greater(#0, const_1)","greater(655.0, 574.438)","greater(655.0, 574.438)","The question asks whether 2014 rent expense was greater than 2015 operating lease expense. The evidence states that aggregate rent expense for 2014 was $655.0 million. The 2015 operating lease payment from the table is $574.438 million. The correct comparison is directly between these two values. The Reasoning Agent incorrectly computes a ratio and compares it to 1, which is not the question. The Verification Agent correctly compares the two dollar amounts directly.","greater(655.0, 574.438)",True
D_rescued_C_error,5,215,ETR/2016/page_374.pdf-2,"what is the growth rate in net revenue in 20016 for entergy mississippi , inc.?",0.01307,"subtract(705.4, 696.3), divide(#0, 696.3)","subtract(705.4, 696.3), divide(#0, 696.3)",True,"subtract(705.4, 696.3), divide(#0, 696.3)",True,"subtract(705.4, 696.3), divide(#0, 696.3), multiply(#1, const_100)","subtract(705.4, 696.3), divide(#0, 696.3), multiply(#1, const_100)","subtract(705.4, 696.3), divide(#0, 696.3), multiply(#1, const_100)",False,"subtract(705.4, 696.3), divide(#0, 696.3)","subtract(705.4, 696.3), divide(#0, 696.3)","subtract(705.4, 696.3), divide(#0, 696.3)","The Reasoning Agent's program is correct. The growth rate in net revenue is calculated as the difference between 2016 and 2015 net revenue divided by the 2015 net revenue. The values 705.4 and 696.3 are correctly extracted from the table, and the arithmetic relationship is accurate. The program correctly computes the growth rate as a decimal ratio, which is appropriate for the question.","subtract(705.4, 696.3), divide(#0, 696.3)",True
all_architectures_correct,1,0,ETR/2016/page_23.pdf-2,what is the net change in net revenue during 2015 for entergy corporation?,94.0,"subtract(5829, 5735)","subtract(5829, 5735)",True,"subtract(5829, 5735)",True,"subtract(5829, 5735)","subtract(5829, 5735)","subtract(5829, 5735)",True,"subtract(5829, 5735)","subtract(5829, 5735)","subtract(5829, 5735)","The net change in net revenue from 2014 to 2015 is correctly calculated as the difference between 2015 net revenue and 2014 net revenue. Both agents correctly identify the values from the table and perform the subtraction in the right direction. The result is a net increase of $94 million, which is the correct net change.","subtract(5829, 5735)",True
all_architectures_correct,2,10,STT/2007/page_111.pdf-3,what is the growth rate in the balance of standby letters of credit from 2006 to 2007?,-0.04365,"subtract(4711, 4926), divide(#0, 4926)","subtract(4711, 4926), divide(#0, 4926)",True,"subtract(4711, 4926), divide(#0, 4926)",True,"subtract(4711, 4926), divide(#0, 4926)","subtract(4711, 4926), divide(#0, 4926)","subtract(4711, 4926), divide(#0, 4926)",True,"subtract(4711, 4926), divide(#0, 4926)","subtract(4711, 4926), divide(#0, 4926)","subtract(4711, 4926), divide(#0, 4926)","The calculation correctly computes the growth rate as (2007 balance - 2006 balance) / 2006 balance. The values 4711 (2007) and 4926 (2006) are correctly extracted from the table. The subtraction direction is correct (later minus earlier), and the denominator is the 2006 value. The result is a decimal ratio, which is appropriate for a growth rate. No percentage scaling is needed as the question asks for the growth rate, not a percentage.","subtract(4711, 4926), divide(#0, 4926)",True
all_architectures_correct,3,11,UAA/2016/page_42.pdf-2,what is the debt-to-asset ratio?,0.22429,"divide(817388, 3644331)","divide(817388, 3644331)",True,"divide(817388, 3644331)",True,"divide(817388, 3644331)","divide(817388, 3644331)","divide(817388, 3644331)",True,"divide(817388, 3644331)","divide(817388, 3644331)","divide(817388, 3644331)","The debt-to-asset ratio is correctly calculated as total debt divided by total assets. The values from the table at December 31, 2016, are 817,388 (total debt) and 3,644,331 (total assets). The division is correct, and no percentage scaling is needed as the ratio should be expressed as a decimal.","divide(817388, 3644331)",True
all_architectures_correct,4,12,GIS/2018/page_110.pdf-2,what portion of the total noncancelable future lease commitments are due in fiscal year of 2019?,0.24566,"divide(137.4, 559.3)","divide(137.4, 559.3)",True,"divide(137.4, 559.3)",True,"divide(137.4, 559.3)","divide(137.4, 559.3)","divide(137.4, 559.3)",True,"divide(137.4, 559.3)","divide(137.4, 559.3)","divide(137.4, 559.3)","The question asks for the portion of total noncancelable future lease commitments due in fiscal year 2019, which requires dividing the 2019 operating lease commitment by the total noncancelable future lease commitments. Both agents correctly identify the values and the operation. The result is a decimal ratio, not a percentage, so no multiplication by 100 is needed. The program is correct and matches the evidence.","divide(137.4, 559.3)",True
all_architectures_correct,5,15,MRO/2011/page_108.pdf-1,"what was the average net annual change in discounted future net cash flows ( in millions ) for the years 2011 , 2010 , and 2009?",3297.66667,"table_average(net change for the year, none)","table_average(net change for the year, none)",True,"add(1620, 3625), add(#0, 4648), divide(#1, const_3)",True,"add(4648, 3625), add(#0, 1620), divide(#1, const_3)","add(4648, 3625), add(#0, 1620), divide(#1, const_3)","add(4648, 3625), add(#0, 1620), divide(#1, const_3)",True,"add(4648, 3625), add(#0, 1620), divide(#1, const_3)","add(4648, 3625), add(#0, 1620), divide(#1, const_3)","add(4648, 3625), add(#0, 1620), divide(#1, const_3)","The Reasoning Agent and Verification Agent both propose the same program, which correctly sums the net changes for 2011, 2010, and 2009 (4648 + 3625 + 1620 = 9893) and divides by 3 to compute the average. The values are directly from the 'net change for the year' row in the table, and the question asks for the average of these three annual changes. No percentage scaling is needed as the result should be a decimal value in millions. The program uses valid operations and correct sequential referencing.","add(4648, 3625), add(#0, 1620), divide(#1, const_3)",True
all_architectures_wrong,1,1,INTC/2015/page_41.pdf-4,what percentage of total facilities as measured in square feet are leased?,0.14464,"divide(8.1, 56.0)","divide(8.1, 56.0), multiply(#0, const_100)",False,"divide(8.1, 56.0), multiply(#0, const_100)",False,"divide(8.1, 56.0), multiply(#0, const_100)","divide(8.1, 56.0), multiply(#0, const_100)","divide(8.1, 56.0), multiply(#0, const_100)",False,"divide(8.1, 56.0), multiply(#0, const_100)","divide(8.1, 56.0), multiply(#0, const_100)","divide(8.1, 56.0), multiply(#0, const_100)","The reasoning and verification agents both correctly calculate the percentage of total facilities that are leased by dividing the leased facilities (8.1 million square feet) by the total facilities (56.0 million square feet) and multiplying by 100 to express the result as a percentage. The values are correctly extracted from the evidence table, and the arithmetic relationship is accurate. The multiplication by const_100 is appropriate because the question asks for a percentage.","divide(8.1, 56.0), multiply(#0, const_100)",False
all_architectures_wrong,2,2,ADI/2011/page_61.pdf-2,what is the percentage change in cash flow hedges in 2011 compare to the 2010?,0.09864,"subtract(153.7, 139.9), divide(#0, 139.9)","subtract(153.7, 139.9), divide(#0, 139.9), multiply(#1, const_100)",False,"subtract(153.7, 139.9), divide(#0, 139.9), multiply(#1, const_100)",False,"divide(153.7, 139.9), multiply(#0, const_100)","subtract(153.7, 139.9), divide(#0, 139.9), multiply(#1, const_100)","subtract(153.7, 139.9), divide(#0, 139.9), multiply(#1, const_100)",False,"divide(153.7, 139.9), multiply(#0, const_100)","subtract(153.7, 139.9), divide(#0, 139.9), multiply(#1, const_100)","subtract(153.7, 139.9), divide(#0, 139.9), multiply(#1, const_100)","The percentage change requires subtracting the base value (2010) from the new value (2011), dividing by the base value, and scaling to a percentage. The Reasoning Agent incorrectly used division first, then multiplied by 100, which is invalid in sequential FinQA format. The Verification Agent's program correctly computes the difference, divides by the 2010 value, and multiplies by 100 for percentage scaling.","subtract(153.7, 139.9), divide(#0, 139.9), multiply(#1, const_100)",False
all_architectures_wrong,3,4,MAS/2017/page_27.pdf-2,what was the difference in percentage cumulative total shareholder return on masco common stock versus the s&p 500 index for the five year period ended 2017?,1.1197,"subtract(318.46, const_100), divide(#0, const_100), subtract(206.49, const_100), divide(#2, const_100), subtract(#1, #3)","subtract(318.46, 206.49), divide(#0, 206.49), multiply(#1, const_100)",False,"subtract(318.46, 206.49)",False,"subtract(318.46, 206.49)","subtract(318.46, 206.49)","subtract(318.46, 206.49)",False,"subtract(318.46, 206.49)","subtract(318.46, 206.49)","subtract(318.46, 206.49)","The question asks for the difference in percentage cumulative total shareholder return, which requires calculating the percentage difference between the two values. The Reasoning Agent and Verification Agent both correctly identify the final values (318.46 for Masco and 206.49 for S&P 500) and compute their difference, but they fail to express the result as a percentage. The correct approach is to compute the percentage difference by dividing the difference by the S&P 500 value and then scaling by 100 to express it as a percentage. The final program must include this percentage scaling.","subtract(318.46, 206.49), divide(#0, 206.49), multiply(#1, const_100)",False
all_architectures_wrong,4,5,SYY/2006/page_71.pdf-1,"what was the percentage change in total rental expense under operating leases from july 2 , 2005 to july 1 , 2006?",0.06757,"subtract(92710000, 86842000), divide(#0, 86842000)","subtract(100690000, 92710000), divide(#0, 92710000), multiply(#1, const_100)",False,"subtract(100690000, 92710000), divide(#0, 92710000), multiply(#1, const_100)",False,"subtract(100690000, 92710000), divide(#0, 92710000), multiply(#1, const_100)","subtract(100690000, 92710000), divide(#0, 92710000), multiply(#1, const_100)","subtract(100690000, 92710000), divide(#0, 92710000), multiply(#1, const_100)",False,"subtract(100690000, 92710000), divide(#0, 92710000), multiply(#1, const_100)","subtract(100690000, 92710000), divide(#0, 92710000), multiply(#1, const_100)","subtract(100690000, 92710000), divide(#0, 92710000), multiply(#1, const_100)","Both agents propose the same correct program: calculate the difference in rental expenses, divide by the 2005 value, and multiply by 100 to express as a percentage. The values exist in the evidence, subtraction direction is correct (2006 - 2005), denominator is the base year (2005), and multiplying by 100 is appropriate for percentage change.","subtract(100690000, 92710000), divide(#0, 92710000), multiply(#1, const_100)",False
all_architectures_wrong,5,6,AES/2010/page_227.pdf-3,what percent of total recourse debt is current?,0.10039,"divide(463, 4612)","divide(463, 4612), multiply(#0, const_100)",False,"divide(463, 4612), multiply(#0, const_100)",False,"divide(463, 4612), multiply(#0, const_100)","divide(463, 4612), multiply(#0, const_100)","divide(463, 4612), multiply(#0, const_100)",False,"divide(463, 4612), multiply(#0, const_100)","divide(463, 4612), multiply(#0, const_100)","divide(463, 4612), multiply(#0, const_100)","The Reasoning Agent and Verification Agent both propose the same program, which correctly calculates the percentage of total recourse debt that is current by dividing the 2011 maturity ($463 million) by the total recourse debt ($4612 million) and multiplying by 100 to express as a percentage. The values are correctly extracted from the table, the arithmetic is correct, and the percentage scaling is appropriate. The program is sequential and uses only allowed operations.","divide(463, 4612), multiply(#0, const_100)",False
exactly_one_architecture_correct,1,8,MO/2016/page_19.pdf-1,did altria outperform the s&p 500?,yes,"greater(286.61, 198.09)","subtract(286.61, 100.00), subtract(198.09, 100.00), divide(#0, 100.00), divide(#1, 100.00), greater(#2, #3)",True,"divide(286.61, 198.09)",False,"divide(286.61, 198.09)","divide(286.61, 198.09)","divide(286.61, 198.09)",False,"divide(286.61, 198.09)","divide(286.61, 198.09)","divide(286.61, 198.09)","The question asks whether Altria outperformed the S&P 500, which requires comparing their cumulative total shareholder returns. The evidence shows Altria's return was $286.61 and the S&P 500's was $198.09 as of December 2016. The correct calculation is the ratio of Altria's return to the S&P 500's return. The proposed program divide(286.61, 198.09) correctly computes this ratio, which indicates outperformance (greater than 1). No percentage scaling is needed as the question is about relative performance, not a percentage value.","divide(286.61, 198.09)",False
exactly_one_architecture_correct,2,32,AAPL/2006/page_100.pdf-3,"what was the greatest provision for income taxes , in millions?",829.0,"table_max(provision for income taxes, none)","table_max(provision for income taxes, none)",True,"table_max(829, 480, 104)",False,table_max(provision for income taxes),table_max(provision for income taxes),table_max(provision for income taxes),False,table_max(provision for income taxes),table_max(provision for income taxes),table_max(provision for income taxes),"The question asks for the greatest provision for income taxes in millions. The evidence table shows the 'provision for income taxes' values for 2006, 2005, and 2004 as $829, $480, and $104 million respectively. The maximum value is $829 million, which corresponds to 2006. The table_max operation correctly identifies this value. Both agents agree, and the operation is valid and correctly applied.",table_max(provision for income taxes),False
exactly_one_architecture_correct,3,61,HIG/2004/page_140.pdf-1,in the adoption of the prospective method what was the ratio of the other comprehensive income to the net income reclassifying certain separate accounts to general account,9.8,"divide(294, 30)","divide(294, 30)",True,"divide(30, 294)",False,"divide(30, 294)","divide(30, 294)","divide(30, 294)",False,"divide(30, 294)","divide(30, 294)","divide(30, 294)","The question asks for the ratio of other comprehensive income to net income for the reclassification of certain separate accounts to general account. The evidence shows net income of 30 and other comprehensive income of 294 for this specific component. The ratio is correctly calculated as 30 divided by 294. No percentage scaling is required as the question asks for a ratio, not a percentage.","divide(30, 294)",False
exactly_one_architecture_correct,4,65,ABMD/2005/page_29.pdf-2,did compensation expense related to the company 2019s employee stock purchase plan grow from 2004 to 2005?,yes,"greater(28000, 19000)","subtract(28000, 19000)",False,"divide(28000, 19000)",False,"divide(28000, 19000)","greater(28000, 19000)","greater(28000, 19000)",True,"divide(28000, 19000)","subtract(28000, 19000)","subtract(28000, 19000)","The question asks whether compensation expense grew from 2004 to 2005, which requires checking if the 2005 value is greater than the 2004 value. The correct approach is to compute the difference (2005 - 2004). The Reasoning Agent's program divides 28000 by 19000, which computes a ratio and does not answer the question of growth. The Verification Agent's program correctly computes the difference, which is the appropriate operation to determine if there was growth. The values 28000 (2005) and 19000 (2004) are correctly extracted from the evidence. The subtraction direction is correct: 2005 minus 2004. No percentage scaling is needed as the question is binary (did it grow?), not asking for a percentage rate. The program is sequential and uses only allowed operations.","subtract(28000, 19000)",False
exactly_one_architecture_correct,5,82,AMT/2012/page_50.pdf-3,what was the ratio of the purchase in december 2012 to the purchase in january 2013,6.48512,"divide(102400, 15790)","divide(102400, 15790)",True,"divide(46.0, 1.2)",False,"divide(46.0, 1.2)","divide(46.0, 1.2)","divide(46.0, 1.2)",False,"divide(46.0, 1.2)","divide(46.0, 1.2)","divide(46.0, 1.2)","The question asks for the ratio of the purchase in December 2012 to the purchase in January 2013. The evidence shows the December 2012 purchase was $46.0 million. The January 2013 purchase is reported as $1.2 million for 15,790 shares, which is consistent with the context. The calculation divide(46.0, 1.2) correctly computes this ratio. Both agents agree, and the values are correctly extracted from the evidence. No percentage scaling or unit conversion is needed as the question asks for a ratio, not a percentage.","divide(46.0, 1.2)",False
exactly_three_architectures_correct,1,3,FIS/2010/page_70.pdf-2,what portion of total purchase price is related to stock awards?,0.02899,"divide(121.4, 4187.8)","divide(121.4, 4187.8), multiply(#0, const_100)",False,"divide(121.4, 4187.8)",True,"divide(121.4, 4187.8)","divide(121.4, 4187.8)","divide(121.4, 4187.8)",True,"divide(121.4, 4187.8)","divide(121.4, 4187.8)","divide(121.4, 4187.8)","The question asks for the portion of the total purchase price related to stock awards, which is correctly calculated as the ratio of stock awards value to total purchase price. Both agents compute this correctly as divide(121.4, 4187.8). The result is a decimal ratio, not a percentage, so no multiplication by 100 is needed. The values are correctly extracted from the evidence.","divide(121.4, 4187.8)",True
exactly_three_architectures_correct,2,9,CMCSA/2015/page_112.pdf-2,what was the change in unrecognized tax benefits from the end of 2014 to the end of 2015?,-35.0,"subtract(1136, 1171)","subtract(1136, 1171)",True,"subtract(1171, 1136)",False,"subtract(1171, 1136)","subtract(1136, 1171)","subtract(1136, 1171)",True,"subtract(1136, 1171)","subtract(1136, 1171)","subtract(1136, 1171)","The change in unrecognized tax benefits from the end of 2014 to the end of 2015 is correctly calculated as the difference between the December 31, 2015 balance and the December 31, 2014 balance. The values $1,136 million (2015) and $1,171 million (2014) are directly from the table. The subtraction direction is correct: later year minus earlier year. No percentage scaling or unit conversion is needed; the question asks for the change, not a rate. Both agents agree and the calculation is valid.","subtract(1136, 1171)",True
exactly_three_architectures_correct,3,13,JKHY/2019/page_18.pdf-3,was the five year total return of the 2019 peer group greater than the 2018 peer group?,no,"greater(281.09, 286.22)","subtract(281.09, 100.00), subtract(286.22, 100.00), greater(#0, #1)",True,"subtract(281.09, 100.00), divide(#0, 100.00), subtract(286.22, 100.00), divide(#2, 100.00), greater(#1, #3)",True,"subtract(281.09, 100.00), divide(#0, 100.00), subtract(286.22, 100.00), divide(#2, 100.00)",,,False,"subtract(281.09, 286.22)","greater(281.09, 286.22)","greater(281.09, 286.22)","The question asks whether the five-year total return of the 2019 peer group was greater than that of the 2018 peer group. The total return is represented by the final value in 2019 (281.09) compared to the 2018 peer group's final value (286.22). The correct comparison is a direct greater-than check between these two values. The Verification Agent's program correctly captures this comparison, and the Reasoning Agent's program incorrectly computes the difference instead of making the required comparison. The verifier's verdict and proposed program are correct.","greater(281.09, 286.22)",True
exactly_three_architectures_correct,4,39,MKTX/2004/page_99.pdf-3,"in 2004 and 2003 , what were the total shares of common stock that were issued to employees?",3876875.0,"add(1939734, 1937141)","add(1939734, 1937141)",True,"subtract(1939734, 1937141)",False,"subtract(1939734, 1937141)","add(1939734, 1937141)","add(1939734, 1937141)",True,"subtract(1939734, 1937141)","add(1939734, 1937141)","add(1939734, 1937141)","The question asks for the total shares issued to employees in 2004 and 2003, which requires summing the shares from both years. The Reasoning Agent incorrectly used subtraction, which would give the change, not the total. The Verification Agent correctly used addition to sum the two values. The values 1939734 and 1937141 are explicitly stated in the evidence for 2004 and 2003 respectively. The final program correctly computes the total shares issued over the two years.","add(1939734, 1937141)",True
exactly_three_architectures_correct,5,44,K/2006/page_52.pdf-2,what was the average cash flow from 2004 to 2006,892.3,"add(957.4, 769.1), add(950.4, #0), divide(#1, const_3)","table_sum(cash flow, none), divide(#0, const_3)",True,"add(1410.5, 1143.3), add(#0, 1229.0), divide(#1, const_3)",False,"add(1410.5, 1143.3), add(#0, 1229.0), divide(#1, const_3)","add(957.4, 769.1), add(#0, 950.4), divide(#1, const_3)","add(957.4, 769.1), add(#0, 950.4), divide(#1, const_3)",True,"add(1410.5, 1143.3), add(#0, 1229.0), divide(#1, const_3)","add(957.4, 769.1), add(#0, 950.4), divide(#1, const_3)","add(957.4, 769.1), add(#0, 950.4), divide(#1, const_3)","The question asks for the average cash flow from 2004 to 2006. The financial evidence defines 'cash flow' as net cash provided by operating activities minus additions to properties. The table shows 'cash flow' values for 2004 ($950.4M), 2005 ($769.1M), and 2006 ($957.4M). The Reasoning Agent incorrectly used net cash provided by operating activities instead of the defined cash flow. The Verification Agent correctly used the 'cash flow' values from the table. The program is sequential, uses valid operations, and computes the average of the three years' cash flow values.","add(957.4, 769.1), add(#0, 950.4), divide(#1, const_3)",True
exactly_two_architectures_correct,1,40,ETR/2013/page_21.pdf-3,what is the net change in net revenue for entergy wholesale commodities during 2012?,-191.0,"subtract(1854, 2045)","subtract(1854, 2045)",True,"subtract(2045, 1854)",False,"subtract(2045, 1854)","subtract(1854, 2045)","subtract(1854, 2045)",True,"subtract(2045, 1854)","subtract(1854, 2045)","subtract(1854, 2045)","The net change in net revenue is calculated as 2012 value minus 2011 value. The Reasoning Agent correctly computes the change as subtract(2045, 1854), which gives the positive difference of 191 million. The Verification Agent incorrectly reverses the subtraction direction, resulting in a negative value. The original evidence confirms a decrease of $191 million, so the correct calculation is 2011 minus 2012, not the reverse.","subtract(2045, 1854)",False
exactly_two_architectures_correct,2,78,GS/2017/page_86.pdf-2,"in millions for the fourth quarters of 2017 and 2016 , what was the total tier 1 capital?",160035.0,"add(78227, 81808)","add(78227, -4572), add(81808, -4897)",False,"subtract(81808, 78227)",False,"subtract(81808, 78227)","add(78227, 81808)","add(78227, 81808)",True,"subtract(81808, 78227)",78227,78227,"The question asks for the total Tier 1 capital in the fourth quarters of 2017 and 2016. The evidence table directly provides the values: $78,227 million for 2017 and $81,808 million for 2016. The Reasoning Agent incorrectly computes the difference, which is not what is asked. The Verification Agent correctly identifies that the value for 2017 is 78227, but the question asks for both years. However, the final program must answer the question as posed. Since the question asks for the total Tier 1 capital for both years, the correct calculation is the sum of the two values. The Verification Agent's program only returns 78227, which is incomplete. The correct program must return the sum of both years' Tier 1 capital.","add(78227, 81808)",True
exactly_two_architectures_correct,3,96,L/2009/page_84.pdf-4,what is the return on investment for s&p500 from 2004 to 2006?,0.2148,"subtract(121.48, const_100), divide(#0, const_100)","subtract(121.48, 100.00), divide(#0, 100.00), multiply(#1, const_100)",False,"divide(121.48, 100.00), multiply(#0, const_100)",False,"divide(121.48, 100.00), subtract(#0, const_1)","subtract(121.48, 100.00), divide(#0, 100.00)","subtract(121.48, 100.00), divide(#0, 100.00)",True,"divide(121.48, 100.00), subtract(#0, const_1)","subtract(121.48, 100.00), divide(#0, 100.00)","subtract(121.48, 100.00), divide(#0, 100.00)","The return on investment is calculated as (final value - initial value) / initial value. The Reasoning Agent incorrectly applies divide first, then subtracts 1, which is mathematically incorrect. The Verification Agent correctly computes the difference first, then divides by the initial value. The result is a decimal ratio, not a percentage, so no multiplication by 100 is needed.","subtract(121.48, 100.00), divide(#0, 100.00)",True
exactly_two_architectures_correct,4,111,ADBE/1999/page_64.pdf-3,what is the net change in the balance of accrual related to restructurings during 1999?,-8095.0,"subtract(772, 8867)","subtract(772, 8867)",True,"subtract(8867, 772)",False,"subtract(8867, 772)","subtract(8867, 772)","subtract(8867, 772)",False,"subtract(8867, 772)","subtract(772, 8867)","subtract(772, 8867)","The net change is the difference between the ending balance and the starting balance. The accrual balance decreased from $8,867 thousand on November 27, 1998, to $772 thousand on December 3, 1999. Therefore, the correct calculation is subtract(772, 8867), which yields a negative change reflecting the reduction. The Verification Agent's program is correct, and the Reasoning Agent's program reverses the subtraction direction.","subtract(772, 8867)",True
exactly_two_architectures_correct,5,139,K/2013/page_23.pdf-1,"if 2014 underlying operating profit increases at the same pace as 2013 , what would it be , in millions?",2185.50348,"divide(2098, 2014), multiply(2098, #0)","subtract(2098, 2014), divide(#0, 2014), multiply(#1, const_100), add(2098, #2)",False,"subtract(2098, 2014), divide(#0, 2014)",False,"subtract(2014, 2098), divide(#0, 2098), multiply(#1, const_100)","divide(2098, 2014), multiply(2098, #0)","divide(2098, 2014), multiply(2098, #0)",True,"subtract(2014, 2098), divide(#0, 2098), add(2014, #1)","subtract(2098, 2014), divide(#0, 2014), add(const_1, #1), multiply(2098, #2)","subtract(2098, 2014), divide(#0, 2014), add(const_1, #1), multiply(2098, #2)","The reasoning agent incorrectly subtracts 2014 from 2098, which reverses the direction of growth. The verification agent correctly computes the growth rate as (2098 - 2014) / 2014, then applies it to 2014 to project the 2014 underlying operating profit if it grew at the 2013 pace. The final program correctly calculates the projected value by multiplying the 2014 value by (1 + growth rate). The values 2098 and 2014 are correctly sourced from the table for underlying operating profit in 2013 and 2012 respectively. The calculation aligns with the question asking for the 2014 value if it increased at the same pace as 2013.","subtract(2098, 2014), divide(#0, 2014), add(const_1, #1), multiply(2098, #2)",True
